2003/01/zeme-bez-prezidenta	a_href	http://www.ceskenoviny.cz/view-id.php4?id=20030130F00319
2003/01/zeme-bez-prezidenta	a_href	http://www.bestijka.cz/onas/dan.asp
2003/01/zeme-bez-prezidenta	a_href	http://www.concourt.cz
2003/01/dhl-budiz-pochvaleno	a_href	http://www.dhl.cz/
2003/01/dhl-budiz-pochvaleno	a_href	http://www.cpost.cz
2003/02/jak-programatori-prichazeji-o-penize	a_href	http://www.taschen.com/
2003/02/jak-programatori-prichazeji-o-penize	a_href	http://www.taschen.com/pages/en/catalogue/books/digital/all/facts/02984.htm
2003/02/1984-online	a_href	http://www.levneknihy.cz/DetailZbozi.aspx?z=17316
2003/02/1984-online	a_href	http://www.newspeakdictionary.com
2003/02/o-mobilnich-komunikacich-filmu-a-mrazu	a_href	http://pfchudoba.byte.cz
2003/02/svoboda-a-soukromi-v-digitalnim-veku	a_href	http://www.rider.cz/cs/webcam/
2003/02/svoboda-a-soukromi-v-digitalnim-veku	img_src	/files/atnight.jpg
2003/02/in-medias-res	a_href	http://www.cn.cz
2003/02/in-medias-res	a_href	http://www.cnn.com
2003/02/in-medias-res	a_href	http://www.novinky.cz
2003/02/in-medias-res	a_href	http://www.pravednes.cz/
2003/02/in-medias-res	a_href	http://www.national-geographic.cz
2003/02/in-medias-res	a_href	http://www.chip.cz
2003/02/in-medias-res	a_href	http://news.google.com/
2003/02/lide-chteji-pracovat-s-internetem-aby-mohli-komunikovat-s-detmi	a_href	http://www.ceskenoviny.cz/view-id.php4?id=20030212E03486
2003/02/internetovym-guru-snadno-a-rychle-prvni-lekce	a_href	http://www.visual-basic-data-mining.net/Forum/ShowPost.aspx?PostID=34
2003/02/internetovym-guru-snadno-a-rychle-prvni-lekce	a_href	http://www.google.com
2003/02/internetovym-guru-snadno-a-rychle-prvni-lekce	a_href	http://www.google.com/search?hl=en&ie=UTF-8&oe=UTF-8&q=create+mdb+vb.net
2003/02/internetovym-guru-snadno-a-rychle-prvni-lekce	a_href	http://www.pooh.cz
2003/02/ministerstvo-gravitace	a_href	http://www.rfc-editor.org
2003/02/ministerstvo-gravitace	a_href	http://www.rfc-editor.org/cgi-bin/rfcdoctype.pl?loc=RFC&letsgo=821&type=ftp&file_format=txt
2003/02/konecne-poradne-logo	a_href	/AboutCheetah.aspx
2003/02/konecne-poradne-logo	a_href	http://www.tigress.com/lions/
2003/02/konecne-poradne-logo	a_href	http://gallery.rider.cz/
2003/02/konecne-poradne-logo	img_src	/files/cheetah.gif
2003/03/celni-naraz-do-reality	a_href	http://www.dreamworks.com/spirit/
2003/03/canon-to-je-maso	img_src	/files/canon_maso.jpg
2003/03/nova-galerie-a-moznost-psani-komentaru	a_href	http://gallery.rider.cz
2003/03/chybicka-se-vloudila	a_href	http://www.furry.cz
2003/03/chybicka-se-vloudila	a_href	/ShowRecord.aspx?day=20030217
2003/03/neni-kam-postoupit	a_href	http://weblog.rider.cz/ShowRecord.aspx?day=20030130
2003/03/blogisticky-weblog	a_href	http://sweb.cz/blogistik/
2003/03/blogisticky-weblog	a_href	http://weblog.rider.cz/ShowRecord.aspx?day=20030129
2003/03/blogisticky-weblog	a_href	http://sweb.cz/blogistik/2003_02_16_archiv.html#89260246
2003/03/blogisticky-weblog	a_href	http://www.bdsm.cz
2003/03/blogisticky-weblog	a_href	http://www.furry.cz
2003/03/kovarova-kobyla-chodi-bosa-o-akademii-ceskeho-internetu-ani-nemluve	a_href	http://www.rider.cz/cs/webcam/
2003/03/kovarova-kobyla-chodi-bosa-o-akademii-ceskeho-internetu-ani-nemluve	a_href	http://www.alraune.cz
2003/03/kovarova-kobyla-chodi-bosa-o-akademii-ceskeho-internetu-ani-nemluve	a_href	http://www.ceskyzavinac.cz
2003/03/kovarova-kobyla-chodi-bosa-o-akademii-ceskeho-internetu-ani-nemluve	a_href	http://www.cyberfox.cz/
2003/03/kovarova-kobyla-chodi-bosa-o-akademii-ceskeho-internetu-ani-nemluve	a_href	http://www.ceskyzavinac.cz/www/index.php?id=16&typ=0&referer=
2003/03/kovarova-kobyla-chodi-bosa-o-akademii-ceskeho-internetu-ani-nemluve	a_href	http://www.ceskyzavinac.cz/www/obsah.php?pid=4
2003/03/rozdil-jasne-vidite	a_href	http://weblog.rider.cz/ShowRecord.aspx?day=20030216
2003/03/rozdil-jasne-vidite	img_src	/files/before_after.jpg
2003/03/zpatky-do-trenek	a_href	/files/olympia-hq.jpg
2003/03/zpatky-do-trenek	a_href	http://www.olympia-centrum.cz/brno/
2003/03/zpatky-do-trenek	a_href	http://www.metropole.cz/
2003/03/zpatky-do-trenek	a_href	http://www.blue-screen.cz/index.php?id=548
2003/03/zpatky-do-trenek	a_href	http://atrey.karlin.mff.cuni.cz/~mj/songs/db/dobes/ZDTRENEK
2003/03/zpatky-do-trenek	img_src	/files/olympia-lq.jpg
2003/03/milostne-dopisy-zacatkem-jedenadvacateho-stoleti	a_href	http://weblog.rider.cz/ShowRecord.aspx?day=20030216
2003/03/milostne-dopisy-zacatkem-jedenadvacateho-stoleti	a_href	http://www.bestijka.cz/
2003/03/milostne-dopisy-zacatkem-jedenadvacateho-stoleti	a_href	http://www.dymo.com/
2003/03/milostne-dopisy-zacatkem-jedenadvacateho-stoleti	a_href	http://www.bestijka.cz/
2003/03/milostne-dopisy-zacatkem-jedenadvacateho-stoleti	img_src	http://weblog.rider.cz/files/dymo_love.jpg
2003/03/novy-design-bude	a_href	http://weblog.rider.cz/CommentList.aspx?day=20030317
2003/03/darek-mym-vernym-ctenarum	a_href	http://www.bdsm.cz
2003/03/darek-mym-vernym-ctenarum	a_href	http://www.rider.cz/cs/articles/silverstar.xtml
2003/03/darek-mym-vernym-ctenarum	a_href	http://www.rider.cz/en/articles/silverstar.xtml
2003/03/bombing-for-peace-is-like-fucking-for-virginity	a_href	http://weblog.rider.cz/ShowRecord.aspx?day=20030206#233630
2003/03/bombing-for-peace-is-like-fucking-for-virginity	a_href	http://www.whitehouse.gov/news/releases/2003/03/20030319-17.html
2003/03/bombing-for-peace-is-like-fucking-for-virginity	img_src	http://weblog.rider.cz/files/peacebomb.jpg
2003/03/nova-tld-pro-ceske-ministerstvo-vnitra	a_href	http://www.mvcr.cz/
2003/03/nova-tld-pro-ceske-ministerstvo-vnitra	a_href	http://www.mvcr.cz/radio/
2003/03/nova-tld-pro-ceske-ministerstvo-vnitra	a_href	http://mvcr.iol.cz/
2003/03/nova-tld-pro-ceske-ministerstvo-vnitra	a_href	http://www.mvcr.cz/statistiky/cro/rodna_c.html
2003/03/nova-tld-pro-ceske-ministerstvo-vnitra	a_href	http://www.iana.org
2003/03/nova-tld-pro-ceske-ministerstvo-vnitra	a_href	http://www.iana.org/gtld/gtld.htm
2003/03/nova-tld-pro-ceske-ministerstvo-vnitra	a_href	http://www.iana.org/cctld/cctld-whois.htm
2003/03/nova-tld-pro-ceske-ministerstvo-vnitra	a_href	http://www.isoc.org/
2003/03/hlava-xxii-na-pankraci	a_href	http://www.vscr.cz/pankrac/
2003/03/hlava-xxii-na-pankraci	a_href	http://www.dicarlo.cz/
2003/03/hlava-xxii-na-pankraci	img_src	/files/hlava22_pankrac.jpg
2003/03/weblog-z-bagdadu	a_href	http://dearraed.blogspot.com/
2003/03/weblog-z-bagdadu	a_href	http://www.ahle-sunnat.org.uk/WAHABI.html
2003/03/weblog-z-bagdadu	img_src	http://weblog.rider.cz/files/iraq_democracy.gif
2003/03/internet-za-pausal-od-eurotelu	a_href	http://www.eurotel.cz/site/cz/servicesAndTariffs/services.html?list=23292
2003/04/rfc3514-konecne-definitivni-reseni-bezpecnosti-na-internetu	a_href	ftp://ftp.rfc-editor.org/in-notes/rfc3514.txt
2003/04/go-mobile	a_href	http://weblog.rider.cz/mobile/
2003/04/go-mobile	a_href	http://www.asp.net/mobile/intro.aspx?tabindex=6
2003/04/go-mobile	img_src	http://weblog.rider.cz/files/weblog_na_p800.jpg
2003/04/ruzne-kodovani-cestiny	a_href	http://www.elka.cz/edenik/
2003/04/ruzne-kodovani-cestiny	a_href	http://weblog.rider.cz/mobile/?c=utf
2003/04/ruzne-kodovani-cestiny	a_href	http://weblog.rider.cz/mobile/?c=asc
2003/04/ruzne-kodovani-cestiny	a_href	http://weblog.rider.cz/mobile/?c=iso
2003/04/ruzne-kodovani-cestiny	a_href	http://weblog.rider.cz/mobile/?c=win
2003/04/dalsi-zmeny-a-mala-soutez	a_href	http://palehorse.altaircom.net/
2003/04/dalsi-zmeny-a-mala-soutez	a_href	http://www.aspnetwork.cz/
2003/04/dalsi-zmeny-a-mala-soutez	img_src	http://weblog.rider.cz/files/hadanka.jpg
2003/04/vysledek-vcerejsi-hadanky	a_href	mailto:bukovansky@atcomp.cz
2003/04/like-a-candle-in-the-wind	a_href	http://www.klaus.cz/klaus2/asp/clanek.asp?id=GJeaEl15kfEr
2003/04/like-a-candle-in-the-wind	a_href	http://www.asimovians.com/
2003/04/like-a-candle-in-the-wind	a_href	http://www.vltava.cz/Store/GoodsDetail.asp?c=IsaacAsimov&sCGoodsID=SE00089948
2003/04/like-a-candle-in-the-wind	a_href	http://www.davemcnally.com/lyrics/TheEagles/TAKEITEASY.asp
2003/04/sebevrazdy-a-reflex	a_href	http://www.reflex.cz/Clanek23696.htm
2003/04/sebevrazdy-a-reflex	a_href	http://www.reflex.cz/Clanek23696.htm
2003/04/pocta-saturninovi	a_href	http://us.imdb.com/Title?0111077
2003/04/pocta-saturninovi	a_href	http://www.ceskenoviny.cz/view-id.php4?id=20030412E00423&tbl=zpravy
2003/04/chrante-pred-mentalne-postizenymi	a_href	http://www.bestijka.cz
2003/04/chrante-pred-mentalne-postizenymi	img_src	/files/sacek.jpg
2003/04/a-hlavne-ji-poradne-vysukej	a_href	http://www.bestijka.cz/galerie/bdsm.asp
2003/04/chcete-prejit-na-standartni-tarif	a_href	http://sms.seznam.cz/operatori.html
2003/04/to-prave-poselstvi-budoucim-generacim	a_href	http://www.pupendo.com/
2003/04/to-prave-poselstvi-budoucim-generacim	img_src	http://weblog.rider.cz/files/wallwriting.jpg
2003/04/za-pet-minut-zavirame	a_href	http://www.bestijka.cz/
2003/04/za-pet-minut-zavirame	a_href	http://weblog.rider.cz/ShowRecord.aspx?day=20030410
2003/04/za-pet-minut-zavirame	img_src	http://weblog.rider.cz/files/posta_1755.jpg
2003/04/za-pet-minut-zavirame	img_src	http://weblog.rider.cz/files/duha.jpg
2003/05/bezplatna-soukroma-inzerce	a_href	http://www.steves-digicams.com/f505.html
2003/05/bezplatna-soukroma-inzerce	a_href	mailto:rider@rider.cz
2003/05/pet-let-za-potrat-no-vyborne	a_href	http://zpravy.idnes.cz/domaci.asp?r=domaci&c=A030504_220935_domaci_pol&t=A030504_220935_domaci_pol&r2=domaci
2003/05/filipika-proti-hotovosti	a_href	http://www.muzo.com
2003/05/requiescat-in-pace	a_href	http://www.tyden.cz
2003/05/apage-satanas	a_href	http://weblog.rider.cz/ShowRecord.aspx?day=20030505
2003/05/apage-satanas	a_href	http://zpravy.idnes.cz/domaci.asp?r=domaci&c=A030516_091159_domaci_has&l=1&t=A030516_091159_domaci_has&r2=domaci
2003/05/apage-satanas	a_href	http://weblog.alraune.cz/CommentList.aspx?day=20030514#20030516133809
2003/05/apage-satanas	a_href	http://www.arakain.cz/03diskografie/cdgamblive.htm
2003/05/ne-mym-jmenem	a_href	/ShowRecord.aspx?day=20030221#045529
2003/05/ne-mym-jmenem	a_href	http://www.mmkv.cz/
2003/05/ne-mym-jmenem	a_href	http://www.euroskeptik.cz/
2003/05/ne-mym-jmenem	img_src	/files/ne-eu.gif
2003/05/rytiri-na-vysehrade	a_href	http://gallery.rider.cz/events/traken/default.xhtml
2003/05/rytiri-na-vysehrade	a_href	http://gallery.rider.cz/events/traken/20030517-152556.jpg.xhtml
2003/05/rytiri-na-vysehrade	img_src	/files/traken.jpg
2003/05/jak-zadat-o-hlasovaci-prukaz	a_href	http://www.euroskop.cz/utils/get_file.asp?company=91&news=85&file=4530
2003/05/jak-zadat-o-hlasovaci-prukaz	a_href	mailto:alt@ir.cz
2003/05/nepropadejte-panice-a-vzdycky-s-sebou-mejte-rucnik	a_href	http://rucnik.ic.cz/
2003/05/nepropadejte-panice-a-vzdycky-s-sebou-mejte-rucnik	a_href	http://www.douglasadams.com/
2003/05/nepropadejte-panice-a-vzdycky-s-sebou-mejte-rucnik	a_href	http://www.zootle.net/afda/mfaq.shtml
2003/05/nepropadejte-panice-a-vzdycky-s-sebou-mejte-rucnik	a_href	http://www.bbc.co.uk/dna/h2g2/
2003/05/nove-gepardi-mladatko	a_href	http://weblog.rider.cz/
2003/05/nove-gepardi-mladatko	a_href	http://weblog.alraune.cz/
2003/05/nove-gepardi-mladatko	a_href	http://weblog.bestijka.cz/
2003/05/nove-gepardi-mladatko	a_href	http://www.bestijka.cz
2003/05/nove-gepardi-mladatko	a_href	http://weblog.bestijka.cz/ShowRecord.aspx?day=20030522
2003/05/nove-gepardi-mladatko	a_href	http://software.altaircom.net
2003/06/zkuste-to-bez-dratu-mily-marconi	a_href	http://www.bestijka.cz
2003/06/zkuste-to-bez-dratu-mily-marconi	a_href	http://www.marigold.cz
2003/06/zkuste-to-bez-dratu-mily-marconi	a_href	http://www.alzasoft.cz/DetailPage.asp?DPG=41877
2003/06/zkuste-to-bez-dratu-mily-marconi	a_href	http://www.alzasoft.cz/DetailPage.asp?DPG=42603
2003/06/absurdni-dramata-a-zemetreseni	a_href	http://www.ceskenoviny.cz/view-id.php4?vid=125485
2003/06/absurdni-dramata-a-zemetreseni	a_href	http://weblog.porta-bohemica.info/
2003/06/padni-na-vsechny-ctyri-a-stekej-jako-pes	a_href	http://www.bdsm.cz/
2003/06/padni-na-vsechny-ctyri-a-stekej-jako-pes	a_href	http://www.ceskenoviny.cz/view-id.php4?vid=125671
2003/06/emeritni-drzoun-a-urazeny-konik	a_href	http://www.rider.cz/cs/webcam/default.xtml
2003/06/emeritni-drzoun-a-urazeny-konik	a_href	mailto:martin@emerite.cz
2003/06/emeritni-drzoun-a-urazeny-konik	a_href	http://www.emerite.cz
2003/06/emeritni-drzoun-a-urazeny-konik	img_src	http://weblog.rider.cz/files/lepidlo.jpg
2003/06/sladka-prdelka-pane-premierova	a_href	http://zpravy.idnes.cz/eunie.asp?r=eunie&c=A030611_103507_eunie_mhk&l=1
2003/06/sladka-prdelka-pane-premierova	a_href	http://www.ceskenoviny.cz/view-id.php4?vid=126156
2003/06/sladka-prdelka-pane-premierova	a_href	http://www.cn.cz/view-id.php4?id=20030613F01392
2003/06/sladka-prdelka-pane-premierova	a_href	http://weblog.rider.cz/ShowRecord.aspx?day=20030130
2003/06/sladka-prdelka-pane-premierova	a_href	http://weblog.rider.cz/ShowRecord.aspx?day=20030307#035214
2003/06/tak-uz-jsme-definitivne-v-pr-tedy-unii	a_href	http://www.volby.cz/pls/ref2003/re13?xjazyk=CZ
2003/06/tak-uz-jsme-definitivne-v-pr-tedy-unii	a_href	http://weblog.porta-bohemica.info/
2003/06/tak-uz-jsme-definitivne-v-pr-tedy-unii	a_href	http://www.concourt.cz
2003/06/tak-uz-jsme-definitivne-v-pr-tedy-unii	a_href	http://weblog.porta-bohemica.info/
2003/06/tak-uz-jsme-definitivne-v-pr-tedy-unii	a_href	http://zpravy.idnes.cz/eunie.asp?r=eunie&c=A030613_151614_eunie_kot
2003/06/tak-uz-jsme-definitivne-v-pr-tedy-unii	a_href	http://www.ceskenoviny.cz/view-id.php4?id=20030612F02029&tbl=zpravy
2003/06/jizdenky-prosim	a_href	http://www.dicarlo.cz/
2003/07/let-us-die-young-or-let-us-live-forever	a_href	http://www.alphaville.de
2003/07/let-us-die-young-or-let-us-live-forever	a_href	http://www.alraune.cz
2003/07/prezidentovi-neprislusi-vetovat-zakony	a_href	http://www.ceskenoviny.cz/view-id.php4?vid=130062
2003/07/prezidentovi-neprislusi-vetovat-zakony	a_href	http://www.ceskenoviny.cz/view-id.php4?id=20030720E00036
2003/08/papez-proti-homosexualnimu-manzelstvi-a-ja-taky	a_href	http://tisk.cirkev.cz/art/clanek.asp?id=4320
2003/08/papez-proti-homosexualnimu-manzelstvi-a-ja-taky	a_href	http://www.partnerstvi.cz/
2003/08/papez-proti-homosexualnimu-manzelstvi-a-ja-taky	a_href	http://www.partnerstvi.cz/
2003/08/papez-proti-homosexualnimu-manzelstvi-a-ja-taky	img_src	http://weblog.rider.cz/files/bodyia3-234x60.gif
2003/08/update-odkaz-na-dokumenty	a_href	http://www.vatican.va/roman_curia/congregations/cfaith/documents/rc_con_cfaith_doc_20030731_homosexual-unions_en.html
2003/08/update-odkaz-na-dokumenty	a_href	http://www.partnerstvi.cz/rp-vatikan2003/uvahy_cesky.phtml
2003/08/update-odkaz-na-dokumenty	a_href	http://tisk.cirkev.cz/art/clanek.asp?id=4320
2003/08/julius-meinl-s-nami-se-nenudite	a_href	http://weblog.rider.cz/ShowRecord.aspx?day=20030303#222531
2003/08/o-gepardich-mladatech-a-technofilnich-fotografiich	a_href	/files/tech_keyboard_hq.jpg
2003/08/o-gepardich-mladatech-a-technofilnich-fotografiich	a_href	/files/tech_notebook_hq.jpg
2003/08/o-gepardich-mladatech-a-technofilnich-fotografiich	a_href	/files/tech_nokia_hq.jpg
2003/08/o-gepardich-mladatech-a-technofilnich-fotografiich	a_href	/files/tech_qetina_hq.jpg
2003/08/o-gepardich-mladatech-a-technofilnich-fotografiich	a_href	http://weblog.alraune.cz/
2003/08/o-gepardich-mladatech-a-technofilnich-fotografiich	a_href	http://weblog.bestijka.cz/
2003/08/o-gepardich-mladatech-a-technofilnich-fotografiich	a_href	http://weblog.bestijka.cz/ShowRecord.aspx?day=20030808
2003/08/o-gepardich-mladatech-a-technofilnich-fotografiich	a_href	/files/tech_mysh.jpg
2003/08/o-gepardich-mladatech-a-technofilnich-fotografiich	img_src	/files/tech_keyboard_lq.jpg
2003/08/o-gepardich-mladatech-a-technofilnich-fotografiich	img_src	/files/tech_notebook_lq.jpg
2003/08/o-gepardich-mladatech-a-technofilnich-fotografiich	img_src	/files/tech_nokia_lq.jpg
2003/08/o-gepardich-mladatech-a-technofilnich-fotografiich	img_src	/files/tech_qetina_lq.jpg
2003/08/soc-sexuality-spanking-summer-short-story-contest	a_href	http://www.sssnewsgroup.com/SSC/
2003/08/soc-sexuality-spanking-summer-short-story-contest	a_href	http://www.sssnewsgroup.com/SSC/2003/c181.htm
2003/08/stavka-ucitelu-nema-podporu-verejnosti-a-divite-se	a_href	http://www.praguebiennale.org/
2003/08/stavka-ucitelu-nema-podporu-verejnosti-a-divite-se	a_href	http://weblog.bestijka.cz/ShowRecord.aspx?day=20030820
2003/08/stavka-ucitelu-nema-podporu-verejnosti-a-divite-se	a_href	http://www.eurofurence.org
2003/08/jeste-jednou-stavka-kdo-hleda-nenajde	a_href	http://www.msmt.cz
2003/08/jeste-jednou-stavka-kdo-hleda-nenajde	a_href	http://www.msmt.cz/_DOMEK/default.asp?ARI=102388&CAI=2842
2003/08/jeste-jednou-stavka-kdo-hleda-nenajde	a_href	http://www.msmt.cz/Hledani/Default.asp?EXPS=st%E1vk
2003/08/jeste-jednou-stavka-kdo-hleda-nenajde	a_href	http://www.odbory.cz
2003/08/jeste-jednou-stavka-kdo-hleda-nenajde	a_href	http://www.cmkos.cz
2003/08/jeste-jednou-stavka-kdo-hleda-nenajde	a_href	http://www.cmkos.cz/aktualne.php?action=detail&id=72
2003/08/jeste-jednou-stavka-kdo-hleda-nenajde	a_href	http://www.cmkos.cz/svazy.php
2003/08/jeste-jednou-stavka-kdo-hleda-nenajde	a_href	http://www.skolskeodbory.cz/
2003/08/jeste-jednou-stavka-kdo-hleda-nenajde	a_href	http://zpravy.idnes.cz/domaci.asp?y=domaci/stavka_ucitelu.htm
2003/09/hranice-umeni	a_href	http://weblog.rider.cz/Administration/www.praguebiennale.org/
2003/09/hranice-umeni	img_src	http://weblog.rider.cz/files/clearcase.jpg
2003/09/eurotel-umime-zastavit-cas	a_href	http://www.eurotel.cz
2003/09/eurotel-umime-zastavit-cas	a_href	/files/eurotel_zastavit_cas.mpg
2003/09/evakuace	a_href	http://webcam.rider.cz
2003/09/papirovy-spam	img_src	http://weblog.rider.cz/files/1bitdac.jpg
2003/09/hear-that-crunching-sound-something-just-broke	a_href	http://www.codeproject.com/
2003/09/hear-that-crunching-sound-something-just-broke	a_href	http://www.codeproject.com/
2003/09/hear-that-crunching-sound-something-just-broke	a_href	http://www.codeproject.com/useritems/WS-Security.asp
2003/09/hear-that-crunching-sound-something-just-broke	img_src	http://weblog.rider.cz/files/codeproject_225x72.gif
2003/10/povidani-o-pravu-autorskem	a_href	/files/autorsky_zakon.txt
2003/10/povidani-o-pravu-autorskem	a_href	http://web.archive.org/
2003/10/povidani-o-pravu-autorskem	a_href	http://www.google.com/
2003/10/povidani-o-pravu-autorskem	a_href	http://web.archive.org/
2003/10/povidani-o-pravu-autorskem	a_href	http://www.bdsm.cz/
2003/10/povidani-o-pravu-autorskem	a_href	http://www.pravni-sluzby.cz/
2003/10/povidani-o-pravu-autorskem	a_href	http://www.templetons.com/brad/copymyths.html
2003/10/povidani-o-pravu-autorskem	a_href	http://www.pravni-sluzby.cz/default.asp?sid=1&pid=6
2003/10/velka-a-internet	a_href	http://weblog.rider.cz/files/registana_1_hq.jpg
2003/10/velka-a-internet	a_href	http://www.vpcp.cz/
2003/10/velka-a-internet	a_href	http://www.ceskenoviny.cz/
2003/10/velka-a-internet	a_href	http://www.idnes.cz/
2003/10/velka-a-internet	a_href	http://www.novinky.cz/
2003/10/velka-a-internet	a_href	http://www.sportovninoviny.cz/archiv/index_view.php?id=29233
2003/10/velka-a-internet	a_href	http://sport.idnes.cz/sporty.asp?r=sporty&c=A031012_162556_sporty_rou
2003/10/velka-a-internet	a_href	http://www.sport.cz/01/72/22.html
2003/10/velka-a-internet	a_href	http://weblog.rider.cz/files/registana_2_hq.jpg
2003/10/velka-a-internet	a_href	http://weblog.rider.cz/ShowRecord.aspx?day=20030810#021619
2003/10/velka-a-internet	img_src	http://weblog.rider.cz/files/registana_1_lq.jpg
2003/10/velka-a-internet	img_src	http://weblog.rider.cz/files/registana_2_lq.jpg
2003/10/o-surfovani-na-bublinach	a_href	http://www.lupa.cz/clanek.php3?show=3067
2003/10/o-surfovani-na-bublinach	a_href	http://www.lupa.cz/clanek.php3?show=2938
2003/10/prvni-reality-show-v-ceske-televizi	a_href	http://zpravy.idnes.cz/domaci.asp?r=domaci&c=A031024_155810_domaci_has&l=1
2003/10/vyrazim-na-cestu	a_href	http://pfchudoba.byte.cz
2003/11/demon-pocitac	a_href	http://www.novinky.cz/01/86/74.html
2003/11/fotoblog-hotel-jako-z-cyberpunku	a_href	http://www.universe-people.cz/
2003/11/fotoblog-hotel-jako-z-cyberpunku	a_href	http://weblog.rider.cz/files/fotoblog_vesmirnilide.jpg
2003/11/fotoblog-hotel-jako-z-cyberpunku	a_href	http://weblog.rider.cz/files/fotoblog_benzinka.jpg
2003/11/fotoblog-hotel-jako-z-cyberpunku	a_href	http://www.etaphotel.com/
2003/11/fotoblog-hotel-jako-z-cyberpunku	a_href	http://weblog.rider.cz/files/fotoblog_wcbox.jpg
2003/11/fotoblog-hotel-jako-z-cyberpunku	a_href	http://weblog.rider.cz/ShowRecord.aspx?day=20031101
2003/11/fotoblog-hotel-jako-z-cyberpunku	a_href	http://weblog.rider.cz/ShowRecord.aspx?day=20031013
2003/11/fotoblog-hotel-jako-z-cyberpunku	a_href	http://weblog.rider.cz/files/fotoblog_prolianti.jpg
2003/11/fotoblog-hotel-jako-z-cyberpunku	img_src	http://weblog.rider.cz/files/fotoblog_vesmirnilide_lq.jpg
2003/11/fotoblog-hotel-jako-z-cyberpunku	img_src	http://weblog.rider.cz/files/fotoblog_benzinka_lq.jpg
2003/11/fotoblog-hotel-jako-z-cyberpunku	img_src	http://weblog.rider.cz/files/fotoblog_wcbox_lq.jpg
2003/11/fotoblog-hotel-jako-z-cyberpunku	img_src	http://weblog.rider.cz/files/fotoblog_prolianti_lq.jpg
2003/11/pomsta-za-statni-penize	a_href	http://www.novinky.cz/01/92/43.html
2003/11/pomsta-za-statni-penize	a_href	http://www.autobus2003.info/
2003/11/pomsta-za-statni-penize	a_href	http://www.karlovyvary.cz/
2003/11/pomsta-za-statni-penize-jak-je-to-doopravdy	a_href	http://weblog.rider.cz/ShowRecord.aspx?day=20031109
2003/11/pomsta-za-statni-penize-jak-je-to-doopravdy	a_href	mailto:j.kavalek@mmkv.cz
2003/11/pomsta-za-statni-penize-jak-je-to-doopravdy	a_href	mailto:michal.valasek@altaircom.net
2003/11/na-zubatou-nestekal	a_href	http://www.bestijka.cz/
2003/11/na-zubatou-nestekal	a_href	/files/dandog_hq.jpg
2003/11/na-zubatou-nestekal	a_href	http://www.vetnemocnice.cz/
2003/11/na-zubatou-nestekal	img_src	http://weblog.rider.cz/files/dandog_lq.jpg
2003/11/vot-eto-technika	a_href	http://www.fi.muni.cz/
2003/11/reakce-na-nepravdive-narceni-ceske-televize	a_href	http://www.czech-tv.cz/ct/kodex/
2003/11/o-kulture-nesouhlasnych-prispevku	a_href	http://www.rider.cz/cs/articles/default.xtml
2003/11/jazykove-heterogenni-texty-jak-na-ne	a_href	http://www.pixy.cz/blog/2003_11_archiv.html#1069285170
2003/11/jazykove-heterogenni-texty-jak-na-ne	a_href	http://www.shersoft.com/
2003/11/jazykove-heterogenni-texty-jak-na-ne	a_href	http://<název_vašeho_serveru>msadc/Samples/ssdatb32.cab
2003/11/jazykove-heterogenni-texty-jak-na-ne	a_href	http://www.vltava.cz/Store/GoodsDetail.asp?c=MicrosoftCorporation&sCGoodsID=SE00034143
2003/12/pet-let-zivota-na-200-cm2	a_href	http://weblog.rider.cz/files/tech_placka_hq.jpg
2003/12/pet-let-zivota-na-200-cm2	a_href	http://www.eximpo-cdr.cz/
2003/12/pet-let-zivota-na-200-cm2	a_href	http://weblog.rider.cz/files/tech_9210i_hq.jpg
2003/12/pet-let-zivota-na-200-cm2	a_href	http://www.whitehouse.gov/vicepresident/
2003/12/pet-let-zivota-na-200-cm2	img_src	http://weblog.rider.cz/files/tech_placka_lq.jpg
2003/12/pet-let-zivota-na-200-cm2	img_src	http://weblog.rider.cz/files/tech_9210i_lq.jpg
2003/12/tak-uz-to-mam-jisty-jsem-fetisista	a_href	http://www.rider.cz/
2003/12/tak-uz-to-mam-jisty-jsem-fetisista	a_href	http://www.adeater.com/
2003/12/tak-uz-to-mam-jisty-jsem-fetisista	a_href	mailto:alt@ir.cz
2003/12/tak-uz-to-mam-jisty-jsem-fetisista	a_href	http://www.rider.cz/
2003/12/tak-uz-to-mam-jisty-jsem-fetisista	a_href	http://weblog.rider.cz/ShowRecord.aspx?day=20030321#193523
2003/12/ja-a-mobilni-telefony	a_href	http://www.pooh.cz/a.asp?a=2007813&db=
2003/12/ja-a-mobilni-telefony	a_href	http://www.vsara.com/
2003/12/ja-a-mobilni-telefony	a_href	http://www.alraune.cz/
2003/12/ja-a-mobilni-telefony	img_src	http://weblog.rider.cz/files/tech_nokia_lq.jpg
2003/12/ja-a-mobilni-telefony	img_src	http://weblog.rider.cz/files/tech_9210i_lq.jpg
2003/12/jako-obvykle-microsoft-muze-i-za-skvrny-na-slunci	a_href	http://www.nytimes.com/2003/12/14/magazine/14POWER.html?ex=1071982800&en=799ad449b398c2d7&ei=5062&partner=DIGIWEB.CZ
2003/12/jako-obvykle-microsoft-muze-i-za-skvrny-na-slunci	a_href	http://www.rider.cz/cs/lectures/default.xtml
2003/12/piss-na-zakaznika	a_href	http://www.volejtelevne.cz/
2003/12/piss-na-zakaznika	a_href	mailto:aliatel@volejtelevne.cz
2003/12/piss-na-zakaznika	a_href	http://www.skynet.cz/
2003/12/piss-na-zakaznika	a_href	http://www.upc.cz/
2003/12/piss-na-zakaznika	a_href	mailto:zakaznicke.centrum@upc.cz
2003/12/piss-na-zakaznika	a_href	mailto:klientske.centrum@upc.cz
2003/12/jsem-nastvan-a-dusevne-rozpolcen-jaky-fotak-si-poridit	a_href	http://www.rider.cz/pf2k4/
2003/12/jsem-nastvan-a-dusevne-rozpolcen-jaky-fotak-si-poridit	a_href	http://www.dpreview.com/reviews/specs/Fujifilm/fuji_finepixs602z.asp
2003/12/jsem-nastvan-a-dusevne-rozpolcen-jaky-fotak-si-poridit	img_src	http://www.rider.cz/pf2k4/pf2004teaser.gif
2003/12/asp-net-budou-xhtml-compliant	a_href	http://weblogs.asp.net/scottgu/posts/39620.aspx
2003/12/asp-net-budou-xhtml-compliant	a_href	http://www.w3.org/TR/WCAG/
2003/12/lepsi-dvakrat-vyhoret-nez-se-jednou-stehovat	a_href	http://www.bestijka.cz/
2003/12/lepsi-dvakrat-vyhoret-nez-se-jednou-stehovat	a_href	http://weblog.rider.cz/ShowRecord.aspx?day=20030603
2003/12/lepsi-dvakrat-vyhoret-nez-se-jednou-stehovat	a_href	http://weblog.rider.cz/ShowRecord.aspx?day=20030915
2003/12/lepsi-dvakrat-vyhoret-nez-se-jednou-stehovat	a_href	/files/plan_novy.png
2003/12/odstrizen-od-internetu-aneb-zapisky-silencovy	a_href	http://weblog.rider.cz/ShowRecord.aspx?day=20031215
2004/01/frederick-forsyth	a_href	http://www.imdb.com/title/tt0069947/
2004/01/frederick-forsyth	a_href	http://www.imdb.com/title/tt0119395/
2004/01/frederick-forsyth	a_href	http://en.wikipedia.org/wiki/Frederick_Forsyth
2004/01/frederick-forsyth	a_href	http://directory.google.com/Top/Arts/Literature/Authors/F/Forsyth,_Frederick/
2004/01/frederick-forsyth	img_src	/files/forsyth.jpg
2004/01/chcete-nejake-knizky-zdarma	a_href	http://events.internet2.edu/speakers/speakers.php?go=people&id=85
2004/01/jeste-k-jazykove-heterogennim-textum	a_href	http://www.ujc.cas.cz/poradna/
2004/01/jeste-k-jazykove-heterogennim-textum	a_href	http://weblog.rider.cz/ShowRecord.aspx?day=20031126#194641
2004/01/dick-francis	a_href	/ShowRecord.aspx?day=20040105
2004/01/dick-francis	a_href	http://www.moserova.cz/
2004/01/dick-francis	a_href	/ShowRecord.aspx?day=20030130
2004/01/dick-francis	a_href	http://www.bestijka.cz/
2004/01/dick-francis	img_src	/files/francis.jpg
2004/01/dick-francis	img_src	/files/francis_cover.jpg
2004/01/pes-do-domu-aneb-uz-jsme-zase-tri	a_href	http://weblog.rider.cz/files/esta1st_hq.jpg
2004/01/pes-do-domu-aneb-uz-jsme-zase-tri	a_href	http://weblog.rider.cz/ShowRecord.aspx?day=20031113
2004/01/pes-do-domu-aneb-uz-jsme-zase-tri	a_href	http://www.cswolfdog.cz/
2004/01/pes-do-domu-aneb-uz-jsme-zase-tri	a_href	http://weblog.alraune.cz/ShowRecord.aspx?day=20040112
2004/01/pes-do-domu-aneb-uz-jsme-zase-tri	a_href	http://www.rider.cz/
2004/01/pes-do-domu-aneb-uz-jsme-zase-tri	a_href	http://www.bestijka.cz/
2004/01/pes-do-domu-aneb-uz-jsme-zase-tri	img_src	http://weblog.rider.cz/files/esta1st_lq.jpg
2004/01/budovani-opevneni	a_href	http://www.bdsm.cz/
2004/01/budovani-opevneni	a_href	/files/vlka_podstolem_hq.jpg
2004/01/budovani-opevneni	a_href	http://weblog.rider.cz/ShowRecord.aspx?day=20040117
2004/01/budovani-opevneni	img_src	http://weblog.rider.cz/files/vlka_podstolem_lq.jpg
2004/01/jak-strhnout-kone-lekce-prvni	a_href	http://weblog.bestijka.cz/ShowRecord.aspx?day=20040120
2004/01/o-zlomene-kletbe-a-neviditelnem-psu	a_href	http://weblog.rider.cz/ShowRecord.aspx?day=20030603
2004/01/o-zlomene-kletbe-a-neviditelnem-psu	a_href	http://gallery.rider.cz/Esta/
2004/01/o-zlomene-kletbe-a-neviditelnem-psu	a_href	http://www.neviditelnypes.cz/
2004/01/o-zlomene-kletbe-a-neviditelnem-psu	a_href	http://gallery.rider.cz/Esta/
2004/01/o-zlomene-kletbe-a-neviditelnem-psu	img_src	http://gallery.rider.cz/Esta/20040122-154704-0000.jpg?w=300&h=400
2004/01/muj-zivot-se-psy	a_href	http://www.bestijka.cz/
2004/01/muj-zivot-se-psy	a_href	http://www.alraune.cz/
2004/01/muj-zivot-se-psy	a_href	http://weblog.rider.cz/ShowRecord.aspx?day=20031113
2004/01/muj-zivot-se-psy	a_href	http://weblog.bestijka.cz/ShowRecord.aspx?day=20040118
2004/01/muj-zivot-se-psy	img_src	http://weblog.rider.cz/files/carin.jpg
2004/01/muj-zivot-se-psy	img_src	http://weblog.rider.cz/files/dandog_lq.jpg
2004/01/potvora-zrzava-chlupata	a_href	http://gallery.rider.cz/Esta/
2004/01/potvora-zrzava-chlupata	a_href	http://weblog.rider.cz/ShowRecord.aspx?day=20040125
2004/01/potvora-zrzava-chlupata	img_src	http://gallery.rider.cz/Esta/20040122-154648-0000.jpg?w=200
2004/01/estina-sestra-stale-bez-domova	a_href	http://www.cswolfdog.cz/art/clanek.asp?id=300
2004/01/estina-sestra-stale-bez-domova	a_href	http://www.cswolfdog.cz/art/clanek.asp?id=300
2004/01/estina-sestra-stale-bez-domova	img_src	http://weblog.rider.cz/files/era.jpg
2004/01/konecne-novy-fotak	a_href	http://weblog.rider.cz/ShowRecord.aspx?day=20031219#035238
2004/01/konecne-novy-fotak	a_href	http://www.kobe.cz/
2004/01/konecne-novy-fotak	a_href	http://gallery.rider.cz/Esta/20040128-190140-0000.jpg.xhtml.cs
2004/01/konecne-novy-fotak	a_href	/files/20040128-012238-0000.jpg
2004/01/konecne-novy-fotak	a_href	http://weblog.rider.cz/ShowRecord.aspx?day=20040126#050551
2004/01/konecne-novy-fotak	a_href	http://www.fotoroman.cz/techniques.htm
2004/01/konecne-novy-fotak	img_src	http://gallery.rider.cz/Esta/20040128-190140-0000.jpg?w=400&h=300
2004/02/slusnost-znamena-ohlizet-se-za-sebe-aneb-lina-huba-hole-nestesti	a_href	http://yfca.bloguje.cz/25004_item.php
2004/02/slusnost-znamena-ohlizet-se-za-sebe-aneb-lina-huba-hole-nestesti	a_href	http://www.diabetes.cz/detart.asp?id_article=997
2004/02/slusnost-znamena-ohlizet-se-za-sebe-aneb-lina-huba-hole-nestesti	a_href	http://www.vnitro.cz/aktualit/sdeleni/2003/jarab.html
2004/02/mozilla-firefox-promarnena-sance-k-naprave-polovicate-podpory-standardu	a_href	http://www.mozilla.org/
2004/02/mozilla-firefox-promarnena-sance-k-naprave-polovicate-podpory-standardu	img_src	/files/lvw_system.gif
2004/02/mozilla-firefox-promarnena-sance-k-naprave-polovicate-podpory-standardu	img_src	/files/lvw_firefox.gif
2004/02/podivam-se-a-vidim-definice-pornografie-v-roce-2004	a_href	http://psav.chochola.net/
2004/02/andrzej-sapkowski	img_src	/files/sapkowski.jpg
2004/03/tak-nam-zabili-ucitele-divite-se	a_href	http://weblog.rider.cz/ShowRecord.aspx?day=20030831
2004/03/tak-nam-zabili-ucitele-divite-se	a_href	http://www.ceskenoviny.cz/archiv/index_view.php?id=53721
2004/03/tak-nam-zabili-ucitele-divite-se	a_href	http://www.bloguje.cz/blox/tb.php/28571
2004/03/tak-nam-zabili-ucitele-divite-se	a_href	http://www.ceskenoviny.cz/domov/index_view.php?id=53968
2004/03/tak-nam-zabili-ucitele-divite-se	a_href	http://www.skolskeodbory.cz/
2004/03/tak-nam-zabili-ucitele-divite-se	a_href	http://www.spsostrov.cz/
2004/03/hp-never-more	a_href	http://www.bestijka.cz/
2004/03/hp-never-more	a_href	http://www.seatac.wa.gov/
2004/03/klidne-si-tyrejte-ale-doma	a_href	http://diablog.unas.cz/27887_item.php
2004/03/devatero-remesel-desata-cuba	img_src	/files/knihovna.jpg
2004/03/devatero-remesel-desata-cuba	img_src	/files/nova_skrin.jpg
2004/03/musi-prijit-spravedlivejsi-system-nez-kapitalismus	a_href	http://www.theadvocates.org/quiz.html
2004/03/musi-prijit-spravedlivejsi-system-nez-kapitalismus	img_src	http://weblog.rider.cz/files/wspq.gif
2004/03/prodam-30-gb-imagebank-mp3-audio-mpeg-video-player-usb-ctecku-karet	img_src	http://weblog.rider.cz/files/itec-v-mp3h.jpg
2004/04/exkluzivni-fotografie-z-budovani-trasy-d-prazskeho-metra	a_href	http://gallery.rider.cz/Esta/20040327_Venceni_s_mujpes.cz/20040327-165226-0000.jpg.xhtml.cs
2004/04/exkluzivni-fotografie-z-budovani-trasy-d-prazskeho-metra	img_src	http://gallery.rider.cz/Esta/20040327_Venceni_s_mujpes.cz/20040327-165226-0000.jpg?h=222&w=300
2004/04/exkluzivni-fotografie-z-budovani-trasy-d-prazskeho-metra	img_src	http://weblog.rider.cz/files/vlci_kreslo_1.jpg
2004/04/exkluzivni-fotografie-z-budovani-trasy-d-prazskeho-metra	img_src	http://weblog.rider.cz/files/vlci_kreslo_2.jpg
2004/04/exkluzivni-fotografie-z-budovani-trasy-d-prazskeho-metra	img_src	http://weblog.rider.cz/files/vlci_kreslo_3.jpg
2004/04/par-hodin-do-odletu	a_href	http://www.aspnetwork.cz/
2004/04/par-hodin-do-odletu	a_href	http://www.kensington.com/html/2513.html
2004/04/par-hodin-do-odletu	a_href	http://www.kensington.com/html/3208.html
2004/04/praha-amsterdam-atlanta-seattle-konecne-na-miste	a_href	http://gallery.rider.cz/Events/Microsoft/MVP_Summit_2004/20040404-060234-0000.jpg.xhtml.cs
2004/04/praha-amsterdam-atlanta-seattle-konecne-na-miste	a_href	http://gallery.rider.cz/Events/Microsoft/MVP_Summit_2004/20040404-081228-0000.jpg.xhtml.cs
2004/04/praha-amsterdam-atlanta-seattle-konecne-na-miste	a_href	http://www.ceskenoviny.cz/index_view.php?id=59846
2004/04/praha-amsterdam-atlanta-seattle-konecne-na-miste	a_href	http://gallery.rider.cz/Events/Microsoft/MVP_Summit_2004/20040404-200218-0000.jpg.xhtml.cs
2004/04/praha-amsterdam-atlanta-seattle-konecne-na-miste	a_href	http://gallery.rider.cz/Events/Microsoft/MVP_Summit_2004/20040404-193012-0000.jpg.xhtml.cs
2004/04/praha-amsterdam-atlanta-seattle-konecne-na-miste	a_href	http://gallery.rider.cz/Events/Microsoft/MVP_Summit_2004/20040404-123728-0000.jpg.xhtml.cs
2004/04/praha-amsterdam-atlanta-seattle-konecne-na-miste	a_href	http://gallery.rider.cz/Events/Microsoft/MVP_Summit_2004/20040404-123652-0000.jpg.xhtml.cs
2004/04/praha-amsterdam-atlanta-seattle-konecne-na-miste	a_href	http://gallery.rider.cz/Events/Microsoft/MVP_Summit_2004/20040404-200128-0000.jpg.xhtml.cs
2004/04/praha-amsterdam-atlanta-seattle-konecne-na-miste	a_href	http://gallery.rider.cz/Events/Microsoft/MVP_Summit_2004/20040405-175436-0000.jpg.xhtml.cs
2004/04/praha-amsterdam-atlanta-seattle-konecne-na-miste	a_href	http://gallery.rider.cz/Events/Microsoft/MVP_Summit_2004/default.xhtml.cs
2004/04/praha-amsterdam-atlanta-seattle-konecne-na-miste	img_src	http://gallery.rider.cz/Events/Microsoft/MVP_Summit_2004/20040404-060234-0000.jpg?w=200
2004/04/praha-amsterdam-atlanta-seattle-konecne-na-miste	img_src	http://gallery.rider.cz/Events/Microsoft/MVP_Summit_2004/20040404-081228-0000.jpg?h=150
2004/04/praha-amsterdam-atlanta-seattle-konecne-na-miste	img_src	http://gallery.rider.cz/Events/Microsoft/MVP_Summit_2004/20040404-193012-0000.jpg?w=200
2004/04/linux-neni-zdarma-je-jenom-o-padesat-dolaru-levnejsi-nez-windows	a_href	http://gallery.rider.cz/Events/Microsoft/MVP_Summit_2004/default.xhtml.cs
2004/05/tyrani-veznu-v-iraku-je-prirozene-a-logicke	a_href	http://www.cnn.com/2004/WORLD/meast/05/08/iraq.abuse.main/index.html
2004/05/tyrani-veznu-v-iraku-je-prirozene-a-logicke	a_href	http://www.prisonexp.org/
2004/05/tyrani-veznu-v-iraku-je-prirozene-a-logicke	a_href	http://www.prisonexp.org/
2004/05/velky-pes-v-male-dire-aneb-mesicni-vypadek	a_href	http://weblog.rider.cz/ShowRecord.aspx?day=20040508
2004/05/velky-pes-v-male-dire-aneb-mesicni-vypadek	a_href	http://weblog.rider.cz/ShowRecord.aspx?day=20030221#045529
2004/05/velky-pes-v-male-dire-aneb-mesicni-vypadek	a_href	http://www.bdsm.cz/art/clanek.asp?id=892
2004/05/velky-pes-v-male-dire-aneb-mesicni-vypadek	a_href	http://gallery.rider.cz/Esta/20040508_Vlk_v_dire/20040508-173848-0000.jpg.xhtml.cs
2004/05/velky-pes-v-male-dire-aneb-mesicni-vypadek	a_href	http://gallery.rider.cz/Esta/20040508_Vlk_v_dire/default.xhtml.en
2004/05/velky-pes-v-male-dire-aneb-mesicni-vypadek	a_href	http://gallery.rider.cz/Esta/20040508_Vlk_v_dire/20040508-180012-0000.jpg.xhtml.cs
2004/05/velky-pes-v-male-dire-aneb-mesicni-vypadek	a_href	http://gallery.rider.cz/Esta/20040508_Vlk_v_dire/20040508-180110-0000.jpg.xhtml.cs
2004/05/velky-pes-v-male-dire-aneb-mesicni-vypadek	a_href	http://www.wolfdog.cz/php/index.php?name=PNphpBB2&file=viewtopic&t=1118
2004/05/velky-pes-v-male-dire-aneb-mesicni-vypadek	a_href	http://www.gwenn.cz/
2004/05/velky-pes-v-male-dire-aneb-mesicni-vypadek	img_src	http://gallery.rider.cz/Esta/20040508_Vlk_v_dire/20040508-173848-0000.jpg?w=200&h=265
2004/05/velky-pes-v-male-dire-aneb-mesicni-vypadek	img_src	http://gallery.rider.cz/Esta/20040508_Vlk_v_dire/20040508-180012-0000.jpg?w=200&h=150
2004/05/velky-pes-v-male-dire-aneb-mesicni-vypadek	img_src	http://gallery.rider.cz/Esta/20040508_Vlk_v_dire/20040508-180110-0000.jpg?w=200&h=150
2004/05/proc-pouzivam-internet-explorer	a_href	http://weblog.rider.cz/ShowRecord.aspx?day=20040223
2004/05/jak-se-sapek-ztratil-a-zase-nasel	a_href	http://weblog.rider.cz/ShowRecord.aspx?day=20040227
2004/05/vlci-v-digitalnim-veku-a-nelidskou-hodinu	a_href	http://weblog.bestijka.cz/ShowRecord.aspx?day=20030608 
2004/05/vlci-v-digitalnim-veku-a-nelidskou-hodinu	a_href	http://weblog.rider.cz/ShowRecord.aspx?day=20040404#085336
2004/06/mesias-je-spatne-placene-zamestnani-aneb-znovu-o-pravu-autorskem	a_href	http://weblog.alraune.cz/ShowRecord.aspx?day=20040602
2004/06/dalsi-blogovaci-system-pod-gpl	a_href	http://www.aspnetwork.cz/
2004/06/dalsi-blogovaci-system-pod-gpl	a_href	http://software.altaircom.net/software/cheetah.aspx
2004/06/dalsi-blogovaci-system-pod-gpl	img_src	/files/cheetah.png
2004/06/cheetah-pod-c	a_href	/entry/article-20040621.aspx
2004/06/cheetah-pod-c	a_href	http://software.altaircom.net/software/cheetah.aspx
2004/06/uklizeno-nebo-ne	a_href	http://www.bestijka.cz/
2004/06/uklizeno-nebo-ne	img_src	/files/esta_uklid.jpg
2004/07/je-kscm-nebezpecim-pro-demokracii-a-co-udelame-kdyz-ano	a_href	http://binarniladin.bloguje.cz/52248_item.php
2004/07/je-kscm-nebezpecim-pro-demokracii-a-co-udelame-kdyz-ano	img_src	/files/politika.gif
2004/07/dneska-uz-ma-stranky-opravdu-kazdy	a_href	http://www.vlcak.cz/
2004/07/dneska-uz-ma-stranky-opravdu-kazdy	a_href	/entry/article-20030220.aspx
2004/07/dneska-uz-ma-stranky-opravdu-kazdy	a_href	http://www.vlcak.cz/
2004/07/dneska-uz-ma-stranky-opravdu-kazdy	a_href	/SetStyle.aspx?Screen=blue_norss&URL=/entry/article-20040717.aspx
2004/07/dneska-uz-ma-stranky-opravdu-kazdy	a_href	/SetStyle.aspx?Screen=pastel&URL=/entry/article-20040717.aspx
2004/07/dneska-uz-ma-stranky-opravdu-kazdy	img_src	http://www.vlcak.cz/files/gfx/ikonka.png
2004/07/prvni-vystava	a_href	http://www.bestijka.cz/
2004/07/prvni-vystava	a_href	http://www.vlcak.cz/
2004/07/prvni-vystava	a_href	http://gallery.rider.cz/esta/20040725_nvp_boleslav/20040724-113204-0000.jpg.xhtml
2004/07/prvni-vystava	a_href	http://www.lyricsstyle.com/e/eagles/takeiteasy.html
2004/07/prvni-vystava	a_href	http://gallery.rider.cz/esta/20040725_nvp_boleslav/20040724-120432-0000.jpg.xhtml
2004/07/prvni-vystava	a_href	http://www.cswolfdog.cz/database/pes.asp?id=5240
2004/07/prvni-vystava	a_href	http://www.cswolfdog.cz/database/pes.asp?id=1356
2004/07/prvni-vystava	a_href	http://gallery.rider.cz/esta/20040725_nvp_boleslav/20040724-120432-0000.jpg.xhtml
2004/07/prvni-vystava	a_href	http://gallery.rider.cz/esta/20040725_nvp_boleslav/default.xhtml
2004/07/prvni-vystava	a_href	http://weblog.bestijka.cz/ShowRecord.aspx?day=20040725
2004/07/prvni-vystava	img_src	http://gallery.rider.cz/esta/20040725_nvp_boleslav/20040724-113204-0000.jpg?w=131&h=200
2004/07/prvni-vystava	img_src	http://gallery.rider.cz/esta/20040725_nvp_boleslav/20040724-120432-0000.jpg?w=154&h=200
2004/07/mezinarodni-kravina	a_href	http://www.cowparade.cz/
2004/07/mezinarodni-kravina	a_href	http://www.cowparade.cz/cow/large/2090
2004/07/isaac-asimov	a_href	/entry/article-20030410.aspx
2004/07/isaac-asimov	a_href	http://en.wikipedia.org/wiki/Isaac_Asimov
2004/07/isaac-asimov	a_href	http://www.asimovonline.com/
2004/07/isaac-asimov	a_href	http://www.triton-books.cz/_trifid/list_books.asp?autor_id=4
2004/07/isaac-asimov	img_src	/files/asimov.jpg
2004/08/exifer-inteligentni-hromadna-prace-s-metadaty	a_href	http://gallery.rider.cz/
2004/08/exifer-inteligentni-hromadna-prace-s-metadaty	a_href	http://software.altaircom.net/software/silverwolf.aspx
2004/08/exifer-inteligentni-hromadna-prace-s-metadaty	a_href	http://gallery.rider.cz/misc/20040603-181328-0000.jpg.xhtml
2004/08/exifer-inteligentni-hromadna-prace-s-metadaty	a_href	http://gallery.rider.cz/misc/20040603-181328-0000.jpg.xhtml
2004/08/exifer-inteligentni-hromadna-prace-s-metadaty	a_href	http://www.exifer.friedemann.info/
2004/08/cave-canem	a_href	http://www.ceskenoviny.cz/vyhledavani/index_view.php?id=81397
2004/08/cave-canem	a_href	http://www.vlcak.cz/
2004/08/cave-canem	a_href	http://gallery.rider.cz/esta/20040327_venceni_s_mujpes.cz/20040327-161536-0000.jpg.xhtml
2004/08/cave-canem	a_href	http://weblog.bestijka.cz/ShowRecord.aspx?day=20030608
2004/08/cave-canem	img_src	/files/graf_psi_zraneni.png
2004/08/cave-canem	img_src	http://gallery.rider.cz/esta/20040327_venceni_s_mujpes.cz/20040327-161536-0000.jpg?w=231&h=300
2004/08/rss-vtipy	a_href	http://www.aspnetwork.cz/
2004/08/rss-vtipy	a_href	/WS/jokes-rss.xml
2004/08/jezci-historie	a_href	http://www.vlcak.cz/
2004/09/never-say-never	a_href	/entry/month-200308.aspx
2004/09/never-say-never	a_href	http://www.bdsm.cz/art/clanek.asp?id=916
2004/09/never-say-never	a_href	http://www.bdsm.cz/
2004/09/never-say-never	a_href	http://www.vlcak.cz/
2004/09/never-say-never	a_href	http://www.dcnet.cz/detail.php?idz=1168&akce=comments
2004/09/dbejte-na-vnejsi-upravu-praci-aneb-jak-mys-s-konem-pekli-dort	img_src	/files/kolac_navod.jpg
2004/09/dbejte-na-vnejsi-upravu-praci-aneb-jak-mys-s-konem-pekli-dort	img_src	/files/kolac_realita.jpg
2004/09/konska-pozadi	a_href	http://www.altaircom.net/
2004/09/konska-pozadi	a_href	http://www.horse.sk/
2004/09/konska-pozadi	a_href	ftp://ftp.altaircom.net/outgoing/altaircom/wallpapers/ACWP01-1024x768.jpg
2004/09/konska-pozadi	a_href	ftp://ftp.altaircom.net/outgoing/altaircom/wallpapers/ACWP01-1400x1050.jpg
2004/09/konska-pozadi	a_href	ftp://ftp.altaircom.net/outgoing/altaircom/wallpapers/ACWP01-1600x1200.jpg
2004/09/konska-pozadi	a_href	ftp://ftp.altaircom.net/outgoing/altaircom/wallpapers/ACWP02-1024x768.jpg
2004/09/konska-pozadi	a_href	ftp://ftp.altaircom.net/outgoing/altaircom/wallpapers/ACWP02-1400x1050.jpg
2004/09/konska-pozadi	a_href	ftp://ftp.altaircom.net/outgoing/altaircom/wallpapers/ACWP02-1600x1200.jpg
2004/09/konska-pozadi	a_href	ftp://ftp.altaircom.net/outgoing/altaircom/wallpapers/ACWP03-1024x768.jpg
2004/09/konska-pozadi	a_href	ftp://ftp.altaircom.net/outgoing/altaircom/wallpapers/ACWP03-1400x1050.jpg
2004/09/konska-pozadi	a_href	ftp://ftp.altaircom.net/outgoing/altaircom/wallpapers/ACWP03-1600x1200.jpg
2004/09/konska-pozadi	a_href	ftp://ftp.altaircom.net/outgoing/altaircom/wallpapers/ACWP04-1024x768.jpg
2004/09/konska-pozadi	a_href	ftp://ftp.altaircom.net/outgoing/altaircom/wallpapers/ACWP04-1400x1050.jpg
2004/09/konska-pozadi	a_href	ftp://ftp.altaircom.net/outgoing/altaircom/wallpapers/ACWP04-1600x1200.jpg
2004/09/konska-pozadi	a_href	ftp://ftp.altaircom.net/outgoing/altaircom/wallpapers/ACWP05-1024x768.jpg
2004/09/konska-pozadi	a_href	ftp://ftp.altaircom.net/outgoing/altaircom/wallpapers/ACWP05-1400x1050.jpg
2004/09/konska-pozadi	a_href	ftp://ftp.altaircom.net/outgoing/altaircom/wallpapers/ACWP05-1600x1200.jpg
2004/09/konska-pozadi	a_href	ftp://ftp.altaircom.net/outgoing/altaircom/wallpapers/ACWP06-1024x768.jpg
2004/09/konska-pozadi	a_href	ftp://ftp.altaircom.net/outgoing/altaircom/wallpapers/ACWP06-1400x1050.jpg
2004/09/konska-pozadi	a_href	ftp://ftp.altaircom.net/outgoing/altaircom/wallpapers/ACWP06-1600x1200.jpg
2004/09/konska-pozadi	a_href	ftp://ftp.altaircom.net/outgoing/altaircom/wallpapers/ACWP07-1024x768.jpg
2004/09/konska-pozadi	a_href	ftp://ftp.altaircom.net/outgoing/altaircom/wallpapers/ACWP07-1400x1050.jpg
2004/09/konska-pozadi	a_href	ftp://ftp.altaircom.net/outgoing/altaircom/wallpapers/ACWP07-1600x1200.jpg
2004/09/konska-pozadi	a_href	ftp://ftp.altaircom.net/outgoing/altaircom/wallpapers/ACWP08-1024x768.jpg
2004/09/konska-pozadi	a_href	ftp://ftp.altaircom.net/outgoing/altaircom/wallpapers/ACWP08-1400x1050.jpg
2004/09/konska-pozadi	a_href	ftp://ftp.altaircom.net/outgoing/altaircom/wallpapers/ACWP08-1600x1200.jpg
2004/09/konska-pozadi	a_href	ftp://ftp.altaircom.net/outgoing/altaircom/wallpapers/ACWP09-1024x768.jpg
2004/09/konska-pozadi	a_href	ftp://ftp.altaircom.net/outgoing/altaircom/wallpapers/ACWP09-1400x1050.jpg
2004/09/konska-pozadi	a_href	ftp://ftp.altaircom.net/outgoing/altaircom/wallpapers/ACWP09-1600x1200.jpg
2004/09/konska-pozadi	img_src	ftp://ftp.altaircom.net/outgoing/altaircom/wallpapers/ACWP01.jpg
2004/09/konska-pozadi	img_src	ftp://ftp.altaircom.net/outgoing/altaircom/wallpapers/ACWP02.jpg
2004/09/konska-pozadi	img_src	ftp://ftp.altaircom.net/outgoing/altaircom/wallpapers/ACWP03.jpg
2004/09/konska-pozadi	img_src	ftp://ftp.altaircom.net/outgoing/altaircom/wallpapers/ACWP04.jpg
2004/09/konska-pozadi	img_src	ftp://ftp.altaircom.net/outgoing/altaircom/wallpapers/ACWP05.jpg
2004/09/konska-pozadi	img_src	ftp://ftp.altaircom.net/outgoing/altaircom/wallpapers/ACWP06.jpg
2004/09/konska-pozadi	img_src	ftp://ftp.altaircom.net/outgoing/altaircom/wallpapers/ACWP07.jpg
2004/09/konska-pozadi	img_src	ftp://ftp.altaircom.net/outgoing/altaircom/wallpapers/ACWP08.jpg
2004/09/konska-pozadi	img_src	ftp://ftp.altaircom.net/outgoing/altaircom/wallpapers/ACWP09.jpg
2004/10/quantum-in-me-fuit	a_href	http://gallery.rider.cz/technology/the_den/20041013-023356-0000.jpg.xhtml
2004/10/quantum-in-me-fuit	a_href	/entry/article-20030603.aspx#122336
2004/10/quantum-in-me-fuit	a_href	http://www.bestijka.cz/
2004/10/quantum-in-me-fuit	a_href	/entry/article-20040118.aspx#185611
2004/10/quantum-in-me-fuit	a_href	http://gallery.rider.cz/technology/the_den/20040114-195528-0000.jpg.xhtml
2004/10/quantum-in-me-fuit	a_href	http://gallery.rider.cz/technology/the_den/20041013-011956-0000.jpg.xhtml
2004/10/quantum-in-me-fuit	a_href	http://gallery.rider.cz/technology/the_den/20041013-023356-0000.jpg.xhtml
2004/10/quantum-in-me-fuit	img_src	http://gallery.rider.cz/technology/the_den/20041013-023356-0000.jpg?w=225&h=300
2004/10/s-vlcaky-za-vlky	a_href	http://gallery.rider.cz/esta/20041002_svod_csv/default.xhtml
2004/10/s-vlcaky-za-vlky	a_href	http://weblog.bestijka.cz/ShowRecord.aspx?day=20040705#152224
2004/10/s-vlcaky-za-vlky	a_href	http://gallery.rider.cz/esta/20041017_s_vlcaky_za_vlky/20041016-154540-0000.jpg.xhtml
2004/10/s-vlcaky-za-vlky	a_href	http://www.cswolfdog.cz/database/pes.asp?id=5479
2004/10/s-vlcaky-za-vlky	a_href	http://www.cswolfdog.cz/database/pes.asp?id=5252
2004/10/s-vlcaky-za-vlky	a_href	http://www.cswolfdog.cz/database/pes.asp?id=5546
2004/10/s-vlcaky-za-vlky	a_href	http://www.cswolfdog.cz/database/pes.asp?id=5619
2004/10/s-vlcaky-za-vlky	a_href	http://www.cswolfdog.cz/database/pes.asp?id=5542
2004/10/s-vlcaky-za-vlky	a_href	http://gallery.rider.cz/esta/20041017_s_vlcaky_za_vlky/20041016-152524-0000.jpg.xhtml
2004/10/s-vlcaky-za-vlky	a_href	http://gallery.rider.cz/esta/20041017_s_vlcaky_za_vlky/20041016-171448-0000.jpg.xhtml
2004/10/s-vlcaky-za-vlky	a_href	http://gallery.rider.cz/esta/20041017_s_vlcaky_za_vlky/20041016-171448-0000.jpg.xhtml
2004/10/s-vlcaky-za-vlky	a_href	http://novalegenda.webzdarma.cz/
2004/10/s-vlcaky-za-vlky	img_src	http://gallery.rider.cz/esta/20041017_s_vlcaky_za_vlky/20041016-154540-0000.jpg?w=400&h=232
2004/10/s-vlcaky-za-vlky	img_src	http://gallery.rider.cz/esta/20041017_s_vlcaky_za_vlky/20041016-152524-0000.jpg?w=300&h=400
2004/10/s-vlcaky-za-vlky	img_src	http://gallery.rider.cz/esta/20041017_s_vlcaky_za_vlky/20041016-171448-0000.jpg?w=161&h=200
2004/10/turecko-v-eu-jsem-pro-vsema-deseti	a_href	/entry/article-20030517.aspx#140722
2004/10/turecko-v-eu-jsem-pro-vsema-deseti	a_href	/entry/article-20030221.aspx#045529
2004/10/kde-az-to-skonci	a_href	http://gallery.rider.cz/esta/20040704-175118-0000.jpg.xhtml
2004/10/kde-az-to-skonci	a_href	http://www.vlcak.cz/
2004/10/kde-az-to-skonci	img_src	http://gallery.rider.cz/esta/20040704-175118-0000.jpg?w=221&h=300
2004/10/rozsirovani-obzoru	a_href	http://weblog.bestijka.cz/CommentList.aspx?day=20041022
2004/10/software-na-zpracovani-fotografii-nalezen	a_href	/entry/article-20041029.aspx
2004/10/software-na-zpracovani-fotografii-nalezen	a_href	http://www.xnview.com/
2004/10/software-na-zpracovani-fotografii-nalezen	img_src	/files/xnviewlogo.png
2004/11/neocekavane-souvislosti-zanedbanych-oslav-velke-rijnove-socialisticke-revoluce	a_href	http://www.ceskoslovensky-vlcak.cz/
2004/11/neocekavane-souvislosti-zanedbanych-oslav-velke-rijnove-socialisticke-revoluce	a_href	http://www.volby.cz/pls/kz2004/kz4?xjazyk=CZ&xdatum=20041105
2004/11/amerika-krok-pred-propasti	a_href	http://en.wikipedia.org/wiki/McCarthyism
2004/11/amerika-krok-pred-propasti	a_href	http://gallery.rider.cz/events/microsoft/mvp_summit_2004/20040407-032454-0000.jpg.xhtml
2004/11/amerika-krok-pred-propasti	a_href	/entry/article-20030321.aspx#122756
2004/11/amerika-krok-pred-propasti	img_src	/files/usflag.png
2004/11/amerika-krok-pred-propasti	img_src	http://gallery.rider.cz/events/microsoft/mvp_summit_2004/20040407-032454-0000.jpg?w=280&h=400
2004/11/lepe-je-mlceti-a-vypadati-jako-blbec-nezli-promluviti-a-tato-slova-potvrditi	a_href	http://technet.idnes.cz/tipyatriky/wme9_041125.html
2004/11/lepe-je-mlceti-a-vypadati-jako-blbec-nezli-promluviti-a-tato-slova-potvrditi	a_href	mailto:jakub.dvorrak@seznam.cz
2004/11/lepe-je-mlceti-a-vypadati-jako-blbec-nezli-promluviti-a-tato-slova-potvrditi	a_href	http://technet.idnes.cz/diskuse_vlakno.html?id=21611&vlakno=738330&zpet=/tipyatriky/wme9_041125.html
2004/11/lepe-je-mlceti-a-vypadati-jako-blbec-nezli-promluviti-a-tato-slova-potvrditi	a_href	http://hulan.info/blog/?item=windows-xp-dvakrat-rychlejsi-xplite
2004/11/lepe-je-mlceti-a-vypadati-jako-blbec-nezli-promluviti-a-tato-slova-potvrditi	a_href	http://mvp.support.microsoft.com/
2004/11/lepe-je-mlceti-a-vypadati-jako-blbec-nezli-promluviti-a-tato-slova-potvrditi	img_src	/files/despair.jpg
2004/12/jak-rikate-svemu-pocitaci	a_href	http://www.bestijka.cz/
2004/12/abych-jenom-nenadaval	a_href	/Archive.aspx
2004/12/abych-jenom-nenadaval	a_href	http://www.bdsm.cz/Search.aspx?text=falko&idx=a
2004/12/abych-jenom-nenadaval	a_href	http://www.alraune.cz/
2004/12/abych-jenom-nenadaval	a_href	http://gallery.rider.cz/esta/snehurka/20041210_prvni_setkani/default.xhtml
2004/12/abych-jenom-nenadaval	a_href	http://weblog.alraune.cz/entry/article-20040925.aspx
2004/12/abych-jenom-nenadaval	a_href	http://weblog.alraune.cz/entry/article-20041004.aspx
2004/12/abych-jenom-nenadaval	a_href	http://gallery.rider.cz/esta/snehurka/20041210_prvni_setkani/20041210-172824-0000.jpg.xhtml
2004/12/abych-jenom-nenadaval	a_href	http://gallery.rider.cz/esta/snehurka/20041210_prvni_setkani/20041210-172832-0000.jpg.xhtml
2004/12/abych-jenom-nenadaval	a_href	http://gallery.rider.cz/esta/snehurka/20041210_prvni_setkani/default.xhtml
2004/12/abych-jenom-nenadaval	a_href	http://www.nabytekriha.cz/
2004/12/abych-jenom-nenadaval	a_href	http://www.rebel-kuze.cz/
2004/12/abych-jenom-nenadaval	a_href	/entry/article-20040310.aspx
2004/12/abych-jenom-nenadaval	a_href	http://www.sil.cz/
2004/12/abych-jenom-nenadaval	img_src	http://gallery.rider.cz/esta/snehurka/20041210_prvni_setkani/20041210-172538-0000.jpg?w=253&h=300
2004/12/oranzovy-vzhled-pro-novy-rok	a_href	http://www.rider.cz/files/images/0006.jpg
2004/12/oranzovy-vzhled-pro-novy-rok	a_href	http://www.rider.cz/
2004/12/oranzovy-vzhled-pro-novy-rok	a_href	/SetStyle.aspx?Screen=orange&URL=/entry/article-20041224.aspx
2004/12/oranzovy-vzhled-pro-novy-rok	a_href	http://gallery.rider.cz/
2004/12/oranzovy-vzhled-pro-novy-rok	a_href	http://www.kenket.com/
2004/12/oranzovy-vzhled-pro-novy-rok	img_src	http://www.rider.cz/files/images/tn_0006.gif
2004/12/vanocni-soutez-o-tricko	a_href	/entry/article-20041205.aspx
2004/12/vanocni-soutez-o-tricko	a_href	http://www.altaircom.net/
2005/01/proc-jsem-neprispel-na-asii	a_href	http://www.pixy.cz/pixylophone/2005_01_archiv.html#1105304556
2005/01/proc-jsem-neprispel-na-asii	a_href	http://www.ceskenoviny.cz/domov/index_view.php?id=109381
2005/01/proc-jsem-neprispel-na-asii	a_href	http://www.zoopraha.cz/sms.php
2005/01/jo-abych-nezapomnel-podivejte-se-na-aspnet-cz	a_href	http://www.aspnet.cz
2005/01/jo-abych-nezapomnel-podivejte-se-na-aspnet-cz	a_href	http://software.altaircom.net/software/cheetah.aspx
2005/01/vlci-rok-vykaz-zisku-a-ztrat	a_href	http://gallery.rider.cz/esta/20040117-204444-0000.jpg.xhtml
2005/01/vlci-rok-vykaz-zisku-a-ztrat	a_href	/entry/article-20040117.aspx
2005/01/vlci-rok-vykaz-zisku-a-ztrat	a_href	http://www.vlcak.cz/
2005/01/vlci-rok-vykaz-zisku-a-ztrat	a_href	http://www.alraune.cz/
2005/01/vlci-rok-vykaz-zisku-a-ztrat	a_href	http://www.vlcak.cz/
2005/01/vlci-rok-vykaz-zisku-a-ztrat	a_href	http://www.bestijka.cz/
2005/01/vlci-rok-vykaz-zisku-a-ztrat	a_href	http://gallery.rider.cz/esta/20041212_besidka_hafbo/20041212-131034-0000.jpg.xhtml
2005/01/vlci-rok-vykaz-zisku-a-ztrat	img_src	http://gallery.rider.cz/esta/20040117-204444-0000.jpg?w=225&h=300
2005/01/vlci-rok-vykaz-zisku-a-ztrat	img_src	http://gallery.rider.cz/esta/20041212_besidka_hafbo/20041212-131034-0000.jpg?w=250&h=200
2005/01/podivam-se-a-vidim-jak-cesi-vnimaji-pornografii	a_href	/entry/article-20040224.aspx#135011
2005/01/podivam-se-a-vidim-jak-cesi-vnimaji-pornografii	a_href	http://diplomka.chochola.net
2005/01/podivam-se-a-vidim-jak-cesi-vnimaji-pornografii	a_href	http://psav.chochola.net/
2005/01/podivam-se-a-vidim-jak-cesi-vnimaji-pornografii	a_href	http://diplomka.chochola.net
2005/01/podivam-se-a-vidim-jak-cesi-vnimaji-pornografii	a_href	http://diplomka.chochola.net/dp/diplomova_prace.pdf
2005/01/softwarove-patenty-nemam-je-rad-ale-chapu-je	a_href	/entry/article-20031010.aspx
2005/02/nedekujem-vypadnete-a-myslim-to-uprimne	a_href	http://rezignace.nazory.cz/
2005/02/s-cim-kdo-zachazi-po-konsku	a_href	http://jandudik.bloguje.cz/116267_item.php
2005/02/s-cim-kdo-zachazi-po-konsku	a_href	/entry/article-20040510.aspx#032242
2005/02/s-cim-kdo-zachazi-po-konsku	a_href	http://www.altap.cz/
2005/02/s-cim-kdo-zachazi-po-konsku	a_href	http://www.bestijka.cz/
2005/02/s-cim-kdo-zachazi-po-konsku	a_href	/entry/article-20041029.aspx
2005/02/jak-neinzerovat	a_href	http://idos.datis.cdrail.cz/
2005/02/jak-neinzerovat	a_href	/files/bannerbug.jpg
2005/02/jak-neinzerovat	a_href	http://www.impressionmedia.cz/
2005/02/jak-neinzerovat	img_src	/files/bannerbug.jpg
2005/02/kovarova-kobyla-okovana	a_href	http://blog.vyvojar.cz/michal/
2005/02/kovarova-kobyla-okovana	a_href	http://www.altaircom.net
2005/03/kolik-koni-je-potreba-k-vymene-zarovky	a_href	http://www.pixy.cz/osobni/zar.html
2005/03/kolik-koni-je-potreba-k-vymene-zarovky	a_href	http://www.kansashorsecouncil.com/humor.html
2005/03/rovne-pohlavi-za-jeden-a-pul-miliardy	a_href	http://evropska-unie.cz/cz/article.asp?id=3295
2005/04/upravovat-ci-neupravovat-vecne-dilema-digitalni-fotografie	a_href	http://gallery.rider.cz/
2005/04/proboha-na-co-fototiskarnu	a_href	http://blog.macich.net/1113076711-vyber-vhodne-tiskarny-pro-tisk-fotografii.html
2005/04/proboha-na-co-fototiskarnu	a_href	http://www.bestijka.cz/
2005/04/proboha-na-co-fototiskarnu	a_href	http://www.vlcak.cz/
2005/05/je-to-psi-zivot	a_href	http://www.vlcak.cz/
2005/05/je-to-psi-zivot	a_href	/files/pribuzenstvo_hq.jpg
2005/05/je-to-psi-zivot	a_href	http://www.frontline.com/
2005/05/je-to-psi-zivot	img_src	/files/pribuzenstvo_lq.jpg
2005/05/ucta-k-dejinam-nebo-historicky-fetisismus	a_href	http://zpravy.idnes.cz/domaci.asp?r=domaci&c=A050506_203929_domaci_miz
2005/05/ucta-k-dejinam-nebo-historicky-fetisismus	a_href	http://zpravy.idnes.cz/nazory.asp?r=nazory&c=A050509_222501_nazory_itu
2005/05/celonarodni-veprove-hody-nebo-obycejne-prasecinky	a_href	http://revue.idnes.cz/lidicky.asp?r=lidicky&c=A050505_124603_lidicky_jup
2005/05/celonarodni-veprove-hody-nebo-obycejne-prasecinky	a_href	http://revue.idnes.cz/foto.asp?c=A050524_110318_lidicky_lf&r=lidicky
2005/05/celonarodni-veprove-hody-nebo-obycejne-prasecinky	a_href	http://revue.idnes.cz/lidicky.asp?r=lidicky&c=A050505_113624_lidicky_jup
2005/05/celonarodni-veprove-hody-nebo-obycejne-prasecinky	a_href	http://lidovky.centrum.cz/domov/clanek.phtml?id=282309
2005/05/celonarodni-veprove-hody-nebo-obycejne-prasecinky	a_href	http://www.ceskenoviny.cz/vyhledavani/index_view.php?id=130579
2005/05/celonarodni-veprove-hody-nebo-obycejne-prasecinky	a_href	http://www.zrusmekomunisty.cz/
2005/05/celonarodni-veprove-hody-nebo-obycejne-prasecinky	a_href	http://www.skomunistysenemluvi.cz/podzim
2005/05/celonarodni-veprove-hody-nebo-obycejne-prasecinky	a_href	/entry/article-20040709.aspx
2005/05/celonarodni-veprove-hody-nebo-obycejne-prasecinky	a_href	/entry/article-20050520.aspx
2005/05/celonarodni-veprove-hody-nebo-obycejne-prasecinky	a_href	http://www.ceskenoviny.cz/prilohy/irak/index_view.php?id=131661
2005/05/celonarodni-veprove-hody-nebo-obycejne-prasecinky	img_src	/files/prase.jpg
2005/05/jak-francie-zachranila-zradila-evropu	a_href	http://www.ceskenoviny.cz/archiv/index_view.php?id=132067
2005/05/jak-francie-zachranila-zradila-evropu	a_href	http://www.ceskenoviny.cz/archiv/index_view.php?id=132081
2005/06/prechod-apple-na-intel-ma-se-microsoft-desit	a_href	http://www.pixy.cz/pixylophone/2005_06_archiv.html#1118100008
2005/06/prechod-apple-na-intel-ma-se-microsoft-desit	a_href	http://www.pixy.cz/pixylophone/2005_06_archiv.html#1118100008
2005/06/otevrenost-se-musi-vyplatit-1	a_href	/entry/article-20050724.aspx
2005/07/rikam-ano-mcdonaldizaci-spolecnosti	a_href	http://natura.eri.cz/natura/1999/12/9912-9.html
2005/07/rikam-ano-mcdonaldizaci-spolecnosti	a_href	http://natura.eri.cz/natura/2000/1/20000106.html
2005/07/rikam-ano-mcdonaldizaci-spolecnosti	a_href	http://www.ctenarsky-denik.cz/
2005/07/otevrenost-se-musi-vyplatit-2	a_href	/entry/article-20050615.aspx
2005/08/operace-titanik-aneb-skanzen-na-vode	a_href	http://www.ceskenoviny.cz/domov/index_view.php?id=141180
2005/08/operace-titanik-aneb-skanzen-na-vode	a_href	http://www.sweb.cz/lode.kops/
2005/08/ceka-mne-kulka-do-hlavy	a_href	http://www.ceskenoviny.cz/domov/index_view.php?id=141825
2005/08/znamenam-si-abych-nezapomnel	a_href	http://binarniladin.bloguje.cz/187389_item.php
2005/08/jsou-cesti-internetovi-obchodnici-chytrejsi-nez-jeff-bezos	a_href	http://blog.lide.cz/ilblog/2005/08/25/161
2005/08/jsou-cesti-internetovi-obchodnici-chytrejsi-nez-jeff-bezos	a_href	http://www.amazon.com
2005/09/mvp-summit-2005-seattle-prijezd	a_href	/entry/article-20040406.aspx
2005/09/mvp-summit-2005-seattle-prijezd	a_href	/entry/article-20050805.aspx
2005/09/mvp-summit-2005-seattle-prijezd	a_href	/entry/article-20040404.aspx
2005/09/mvp-summit-2005-seattle-prijezd	a_href	/CommentView.aspx?CID=144#d17af77b6fd6457cbeff0acca382b0ff
2005/09/mvp-summit-2005-seattle-prijezd	a_href	http://gallery.rider.cz/events/microsoft/mvp_summit_2005/20050928-144908-0000.jpg.xhtml
2005/09/mvp-summit-2005-seattle-prijezd	img_src	http://gallery.rider.cz/events/microsoft/mvp_summit_2005/20050928-144908-0000.jpg?w=400&h=216
2005/10/zoner-photo-studio-8-udela-reparat	a_href	/CommentView.aspx?CID=183#b475c47b20054f39880b25c42b15d4f6
2005/10/zoner-photo-studio-8-udela-reparat	a_href	/entry/article-20041029.aspx
2005/10/zoner-photo-studio-8-udela-reparat	a_href	/entry/article-20041029.aspx
2005/10/zoner-photo-studio-8-udela-reparat	a_href	/entry/article-20041030.aspx
2005/10/zoner-photo-studio-8-udela-reparat	a_href	/entry/article-20040223.aspx
2005/11/asp-net-2-0-nechejte-malickych-prijiti-ke-mne	a_href	http://www.netcraft.com/
2005/11/asp-net-2-0-nechejte-malickych-prijiti-ke-mne	a_href	http://news.netcraft.com/archives/2005/11/07/november_2005_web_server_survey.html
2005/11/asp-net-2-0-nechejte-malickych-prijiti-ke-mne	a_href	http://msdn.microsoft.com/vstudio/express/
2005/11/asp-net-2-0-nechejte-malickych-prijiti-ke-mne	a_href	http://starterkit.aspnet.cz/
2005/11/asp-net-2-0-nechejte-malickych-prijiti-ke-mne	a_href	http://www.lcdzaweb.cz/
2005/11/asp-net-2-0-nechejte-malickych-prijiti-ke-mne	a_href	http://msdn.microsoft.com/coding4fun/
2005/11/asp-net-2-0-nechejte-malickych-prijiti-ke-mne	img_src	/files/20051109-netcraft-graf.gif
2005/12/paroubkova-homosexualni-sance	a_href	http://www.ceskenoviny.cz/vyhledavani/index_view.php?id=159937
2005/12/paroubkova-homosexualni-sance	a_href	http://zpravy.idnes.cz/domaci.asp?r=domaci&c=A051215_091337_domaci_ton
2005/12/paroubkova-homosexualni-sance	a_href	/entry/article-20030806.aspx#142526
2005/12/paroubkova-homosexualni-sance	a_href	http://www.partnerstvi.cz
2005/12/stare-dobre-barbarstvi	a_href	/CommentView.aspx?CID=221#ec6b52196787431bba748f6cd5a8bdeb
2005/12/stare-dobre-barbarstvi	a_href	/entry/article-20051215.aspx
2005/12/stare-dobre-barbarstvi	a_href	http://lidovky.zpravy.cz/ln_nazory.asp?r=ln_nazory&c=A051221_105834_ln_nazory_blh
2005/12/stare-dobre-barbarstvi	a_href	/entry/article-20051215.aspx
2005/12/stare-dobre-barbarstvi	a_href	/entry/article-20030806.aspx
2005/12/stare-dobre-barbarstvi	a_href	http://www.partnerstvi.cz/
2006/01/par-odkazu-ktere-mozna-neznate-ale-meli-byste	a_href	http://www.hackoff.com/
2006/01/par-odkazu-ktere-mozna-neznate-ale-meli-byste	a_href	http://blog.tomevslin.com/
2006/01/par-odkazu-ktere-mozna-neznate-ale-meli-byste	a_href	http://blog.tomevslin.com/
2006/01/par-odkazu-ktere-mozna-neznate-ale-meli-byste	a_href	http://hackoff.com/
2006/01/par-odkazu-ktere-mozna-neznate-ale-meli-byste	a_href	http://www.amazon.com/exec/obidos/redirect?tag=wwwtomevslico-20&creative=9325&camp=1789&link_code=as2&path=ASIN/0977464601
2006/01/par-odkazu-ktere-mozna-neznate-ale-meli-byste	a_href	http://cafehayek.typepad.com/
2006/01/par-odkazu-ktere-mozna-neznate-ale-meli-byste	a_href	http://kween.bloguje.cz/
2006/01/par-odkazu-ktere-mozna-neznate-ale-meli-byste	a_href	http://www.viditelnymacek.cz/
2006/01/par-odkazu-ktere-mozna-neznate-ale-meli-byste	a_href	http://www.comics.com/creators/wizardofid/
2006/01/par-odkazu-ktere-mozna-neznate-ale-meli-byste	a_href	http://www.tapestrycomics.com/wizardofid.xml
2006/01/par-odkazu-ktere-mozna-neznate-ale-meli-byste	a_href	http://www.thedailywtf.com/
2006/01/par-odkazu-ktere-mozna-neznate-ale-meli-byste	a_href	http://www.thisisbroken.com/
2006/01/par-odkazu-ktere-mozna-neznate-ale-meli-byste	a_href	http://www.thisisbroken.com/b/2006/01/restroom_signag.html
2006/01/par-odkazu-ktere-mozna-neznate-ale-meli-byste	a_href	http://www.egicz.cz/denik/denik.php
2006/01/par-odkazu-ktere-mozna-neznate-ale-meli-byste	a_href	http://www.artlebedev.com/mandership/
2006/01/par-odkazu-ktere-mozna-neznate-ale-meli-byste	a_href	http://www.artlebedev.ru/kovodstvo/
2006/01/par-odkazu-ktere-mozna-neznate-ale-meli-byste	a_href	http://vucako.bloguje.cz/
2006/02/napiste-prezidentovi-a-podporte-zakon-o-registrovanem-partnerstvi	a_href	mailto:petr.hajek@hrad.cz
2006/02/napiste-prezidentovi-a-podporte-zakon-o-registrovanem-partnerstvi	a_href	http://www.ceskenoviny.cz/domov/index_view.php?id=172128
2006/03/volebni-citaty-lazara-longa	a_href	http://en.wikipedia.org/wiki/Lazarus_Long
2006/04/its-legal-to-be-stupid-but-some-abuse-the-privilege	a_href	http://www.its-legal.us/
2006/05/malickost-ale-potesi	a_href	http://www.ateo.cz/frame/phpgal/view.php?cat=4&PicNum=134&cs=152&ck=0&id=0
2006/07/kopacky-pro-eurotel	a_href	/Articles/2-kopacky-pro-t-mobile.aspx
2006/09/co-je-spatneho-na-poslaneckych-rodinnych-firmach	a_href	http://zpravy.idnes.cz/rodinne-firmy-zustaly-i-v-nove-snemovne-f07-/domaci.asp?c=A060923_113132_domaci_jan
2006/09/co-je-spatneho-na-poslaneckych-rodinnych-firmach	a_href	http://www.bestijka.cz/
2006/10/konsky-trus-a-ekologicka-agitka	a_href	http://www.zemekrasnaneznama.cz/
2006/10/ekoagitka-jeste-jednou-tentokrat-po-dobrem	a_href	/Articles/230-konsky-trus-a-ekologicka-agitka.aspx
2006/10/ekoagitka-jeste-jednou-tentokrat-po-dobrem	a_href	http://cestovani.idnes.cz/skepticky-ekolog-ropa-nikdy-nedojde-a-svet-je-krasny-f91-/igsvet.asp?c=A061027_184125_igsvet_tom
2009/11/sedm-hrichu-datovych-schranek	a_href	http://www.lupa.cz/clanky/sedm-hrichu-datovych-schranek/
2009/12/s-konem-v-kuchyni-aneb-k-cemu-jest-pri-vareni-treba-kombinacek	a_href	http://www.amazon.com/Giga-Bites-Cookbook-Jenz-Johnson/dp/0898156440/ref=cm_cr_pr_product_top
2009/12/pornografie-jako-vzor-pro-zabavni-prumysl	a_href	http://www.lupa.cz/clanky/pornografie-jako-vzor-pro-zabavni-prumysl/
2009/11/soukromi-jako-nechtene-dite	a_href	http://www.lupa.cz/clanky/soukromi-jako-nechtene-dite/
2009/12/falesna-sila-socialnich-siti	a_href	http://www.lupa.cz/clanky/falesna-sila-socialnich-siti/
2010/01/hodne-konskych-sil-do-noveho-roku	a_href	http://www.weblog.rider.cz/Files/20100101-PF2010_2.jpg
2010/01/hodne-konskych-sil-do-noveho-roku	img_src	http://www.weblog.rider.cz/Files/20100101-PF2010_thumb.jpg
2010/05/d-fenestrace-2010-aneb-zmrdindex-politickych-stran	a_href	http://www.defenestrace2010.cz/
2010/05/d-fenestrace-2010-aneb-zmrdindex-politickych-stran	a_href	http://www.dfens-cz.com/view.php?cisloclanku=2010041804
2010/05/d-fenestrace-2010-aneb-zmrdindex-politickych-stran	a_href	http://www.weblog.rider.cz/Files/20100519-volby_2010_index_zazmrdovanosti_2.png
2010/05/d-fenestrace-2010-aneb-zmrdindex-politickych-stran	img_src	http://www.weblog.rider.cz/Files/20100519-volby_2010_index_zazmrdovanosti_thumb.png
2010/05/treti-pokus-o-druhou-generaci	a_href	http://www.lupa.cz/clanky/soukromi-jako-nechtene-dite/
2010/06/zeleni-vzdycky-potesi	a_href	http://www.ondrejliska.cz/kdo-jsem/
2010/06/zeleni-vzdycky-potesi	a_href	http://www.forum2000.cz/cz/partneri/
2010/06/zeleni-vzdycky-potesi	a_href	http://www.a-cz-dialog.net/
2010/06/za-nasich-mladejch-let-bejval-svet-jako-kvet	a_href	http://www.equichannel.cz/
2010/07/ministerstva-abl-v-cem-je-problem	a_href	http://www.weblog.rider.cz/articles/229-co-je-spatneho-na-poslaneckych-rodinnych-firmach
2010/09/ke-dni-ceske-statnosti	a_href	http://www.pribehstrycka.cz
2011/02/jak-se-prestehovat-a-nezblaznit-se-z-toho	a_href	http://www.weblog.rider.cz/Files/20110209-plan_3_2.png
2011/02/jak-se-prestehovat-a-nezblaznit-se-z-toho	a_href	http://www.bestijka.cz/
2011/02/jak-se-prestehovat-a-nezblaznit-se-z-toho	img_src	http://www.weblog.rider.cz/Files/20110209-plan_3_thumb.png
2011/02/axbo-chytre-ale-odflaknute-reseni	a_href	http://www.alza.cz/axbo-senzor-1-d170650.htm
2011/02/axbo-chytre-ale-odflaknute-reseni	a_href	http://www.axbo.com/
2011/02/axbo-chytre-ale-odflaknute-reseni	a_href	http://www.axbo.com/webstart/updates.xml
2011/02/axbo-chytre-ale-odflaknute-reseni	a_href	http://www.oracle.com/technetwork/topics/security/alerts-086861.html
2011/02/axbo-chytre-ale-odflaknute-reseni	a_href	http://www.openbeacon.org/Openbeacon_Axbo
2011/03/elektronicke-knihy-vydavatele-maji-problem-ctenari-nikoliv	a_href	http://www.lupa.cz/clanky/elektronicke-knihy-vydavatele-maji-problem-ctenari-nikoliv/
2011/03/scitani-poddanych-na-stredoveky-zpusob	a_href	http://www.uek.cz/
2011/05/nechcete-dopadnout-jako-aneta-langerova-offsite-zaloha-dat-snadno-a-levne-ci-zdarma	a_href	http://www.langerovaaneta.cz/blog/pomooooc/
2011/05/nechcete-dopadnout-jako-aneta-langerova-offsite-zaloha-dat-snadno-a-levne-ci-zdarma	a_href	http://download.live.com/
2011/05/nechcete-dopadnout-jako-aneta-langerova-offsite-zaloha-dat-snadno-a-levne-ci-zdarma	a_href	http://download.live.com
2011/05/nechcete-dopadnout-jako-aneta-langerova-offsite-zaloha-dat-snadno-a-levne-ci-zdarma	a_href	http://skydrive.live.com
2011/05/nechcete-dopadnout-jako-aneta-langerova-offsite-zaloha-dat-snadno-a-levne-ci-zdarma	a_href	http://www.crashplan.com/
2011/05/nechcete-dopadnout-jako-aneta-langerova-offsite-zaloha-dat-snadno-a-levne-ci-zdarma	a_href	http://www.crashplan.com/consumer/compare.html
2011/06/windows-phone-7-po-par-tydnech-zkusenosti-s-novou-platformou	a_href	http://www.lupa.cz/clanky/windows-phone-7-po-par-tydnech-zkusenosti-s-novou-platformou/
2011/06/windows-phone-7-po-par-tydnech-zkusenosti-s-novou-platformou	a_href	http://gmaps.uservoice.com/forums/113521-general/suggestions/1884827-bug-report-localization
2011/06/windows-phone-7-po-par-tydnech-zkusenosti-s-novou-platformou	a_href	http://windowsphone.live.com
2011/07/nahradi-dynamicke-biometricke-podpisy-ty-soucasne-elektronicke	a_href	http://www.lupa.cz/clanky/nahradi-dynamicke-biometricke-podpisy-ty-soucasne-elektronicke/
2011/09/potemkinuv-e-government	a_href	http://www.lupa.cz/clanky/potemkinuv-e-government/
2011/09/rok-s-kindle-dlouhodobe-prakticke-zkusenosti	a_href	http://www.weblog.rider.cz/Files/20110929-kindle_2.jpg
2011/09/rok-s-kindle-dlouhodobe-prakticke-zkusenosti	a_href	http://www.dealextreme.com/p/protective-pu-leather-case-for-kindle-3-black-49301
2011/09/rok-s-kindle-dlouhodobe-prakticke-zkusenosti	a_href	http://www.dealextreme.com/p/clip-on-flexible-led-reading-light-white-2-cr2032-included-26822
2011/09/rok-s-kindle-dlouhodobe-prakticke-zkusenosti	a_href	http://www.weblog.rider.cz/Files/20110929-screen_shot-6016_2.gif
2011/09/rok-s-kindle-dlouhodobe-prakticke-zkusenosti	a_href	http://www.amazon.com/Kindle-Wi-Fi-Ink-Display-international/dp/B0051QVF7A/
2011/09/rok-s-kindle-dlouhodobe-prakticke-zkusenosti	a_href	http://www.weblog.rider.cz/Files/20110929-KT-slate-04-lg__V166940139__2.jpg
2011/09/rok-s-kindle-dlouhodobe-prakticke-zkusenosti	a_href	http://www.weblog.rider.cz/Files/20110929-calibre_2.png
2011/09/rok-s-kindle-dlouhodobe-prakticke-zkusenosti	a_href	http://calibre-ebook.com/
2011/09/rok-s-kindle-dlouhodobe-prakticke-zkusenosti	a_href	http://www.weblog.rider.cz/Files/20110929-calibre_encoding_2.png
2011/09/rok-s-kindle-dlouhodobe-prakticke-zkusenosti	a_href	http://www.cincura.net/
2011/09/rok-s-kindle-dlouhodobe-prakticke-zkusenosti	a_href	http://www.amazon.com/The-Prague-Post/dp/B002R5BF50/
2011/09/rok-s-kindle-dlouhodobe-prakticke-zkusenosti	a_href	http://www.amazon.com/RESPEKT/dp/B0051U2IJU/
2011/09/rok-s-kindle-dlouhodobe-prakticke-zkusenosti	a_href	http://vtm.zive.cz/ebooky
2011/09/rok-s-kindle-dlouhodobe-prakticke-zkusenosti	a_href	http://vice.idnes.cz/kindle_zadani.asp
2011/09/rok-s-kindle-dlouhodobe-prakticke-zkusenosti	a_href	http://www.e15.cz/kindle
2011/09/rok-s-kindle-dlouhodobe-prakticke-zkusenosti	a_href	http://kindle.centrum.cz/
2011/09/rok-s-kindle-dlouhodobe-prakticke-zkusenosti	a_href	http://app.lidovky.cz/kindle_zadani.asp
2011/09/rok-s-kindle-dlouhodobe-prakticke-zkusenosti	a_href	http://www.weblog.rider.cz/Files/20110929-screen_shot-6015_2.gif
2011/09/rok-s-kindle-dlouhodobe-prakticke-zkusenosti	a_href	http://www.weblog.rider.cz/Files/20110929-screen_shot-6019_2.gif
2011/09/rok-s-kindle-dlouhodobe-prakticke-zkusenosti	a_href	http://www.weblog.rider.cz/Files/20110929-screen_shot-6018_4.gif
2011/09/rok-s-kindle-dlouhodobe-prakticke-zkusenosti	a_href	http://www.mobileread.com/forums/showthread.php?t=118635
2011/09/rok-s-kindle-dlouhodobe-prakticke-zkusenosti	a_href	http://www.weblog.rider.cz/Files/20110929-KW-slate-03-lg__V166950133__2.jpg
2011/09/rok-s-kindle-dlouhodobe-prakticke-zkusenosti	img_src	http://www.weblog.rider.cz/Files/20110929-kindle_thumb.jpg
2011/09/rok-s-kindle-dlouhodobe-prakticke-zkusenosti	img_src	http://www.weblog.rider.cz/Files/20110929-screen_shot-6016_thumb.gif
2011/09/rok-s-kindle-dlouhodobe-prakticke-zkusenosti	img_src	http://www.weblog.rider.cz/Files/20110929-KT-slate-04-lg__V166940139__thumb.jpg
2011/09/rok-s-kindle-dlouhodobe-prakticke-zkusenosti	img_src	http://www.weblog.rider.cz/Files/20110929-calibre_thumb.png
2011/09/rok-s-kindle-dlouhodobe-prakticke-zkusenosti	img_src	http://www.weblog.rider.cz/Files/20110929-calibre_encoding_thumb.png
2011/09/rok-s-kindle-dlouhodobe-prakticke-zkusenosti	img_src	http://www.weblog.rider.cz/Files/20110929-screen_shot-6015_thumb.gif
2011/09/rok-s-kindle-dlouhodobe-prakticke-zkusenosti	img_src	http://www.weblog.rider.cz/Files/20110929-screen_shot-6019_thumb.gif
2011/09/rok-s-kindle-dlouhodobe-prakticke-zkusenosti	img_src	http://www.weblog.rider.cz/Files/20110929-screen_shot-6018_thumb_1.gif
2011/09/rok-s-kindle-dlouhodobe-prakticke-zkusenosti	img_src	http://www.weblog.rider.cz/Files/20110929-KW-slate-03-lg__V166950133__thumb.jpg
2011/10/nekrolog-ztracenych-prilezitosti-za-dusi-steva-jobse	a_href	http://www.lupa.cz/clanky/nekrolog-ztracenych-prilezitosti-za-dusi-steva-jobse/
2011/11/uredne-bezdomovcem-trvale-bydliste-proc-ho-mit-a-proc-ne	a_href	http://zpravy.idnes.cz/tisice-lidi-se-vydavaji-za-bezdomovce-vyhnou-se-tak-uradum-pnt-/domaci.asp?c=A100803_1426893_usti-zpravy_alh
2011/11/uredne-bezdomovcem-trvale-bydliste-proc-ho-mit-a-proc-ne	a_href	http://www.reformajustice.cz
2011/11/cargo-kult-ceskych-drah	a_href	http://www.youtube.com/watch?v=OZT9IvH5mC8
2011/12/charita-komu-darovat-a-pak-nelitovat	a_href	http://www.nasedite.cz/
2011/12/charita-komu-darovat-a-pak-nelitovat	a_href	http://ona.idnes.cz/ptejte-se-na-bezpecnost-deti-d19-/odpovedi.asp?t=BAUDYSOVA4
2011/12/charita-komu-darovat-a-pak-nelitovat	a_href	http://www.internethotline.cz/informace/faq.htm
2011/12/charita-komu-darovat-a-pak-nelitovat	a_href	http://www.fod.cz/
2011/12/charita-komu-darovat-a-pak-nelitovat	a_href	http://www.mpsv.cz/cs/4300
2011/12/charita-komu-darovat-a-pak-nelitovat	a_href	http://aktualne.centrum.cz/domaci/kauzy/clanek.phtml?id=616907
2011/12/charita-komu-darovat-a-pak-nelitovat	a_href	http://zpravy.idnes.cz/to-jsou-nase-deti-prou-se-dva-detske-domovy-o-sourozence-p2n-/domaci.aspx?c=A111124_1689851_pardubice-zpravy_meb
2011/12/charita-komu-darovat-a-pak-nelitovat	a_href	http://www.clovekvtisni.cz/
2011/12/charita-komu-darovat-a-pak-nelitovat	a_href	http://zpravy.idnes.cz/studentske-volby-vzdaly-desitky-skol-rathovi-a-ministryni-se-nezdaly-koser-1vv-/studium.aspx?c=A100426_110039_studium_bar
2011/12/charita-komu-darovat-a-pak-nelitovat	a_href	http://www.spiegel.de/international/spiegel/0,1518,363663,00.html
2011/12/charita-komu-darovat-a-pak-nelitovat	a_href	http://www.penize.cz/nezamestnanost/17513-africky-ekonom-prestante-uz-prosim-s-tou-pomoci!
2011/12/charita-komu-darovat-a-pak-nelitovat	a_href	http://www.reflex.cz/clanek/stary-reflex-tema-reflexu/32526/do-kasicek-nedavejte.html
2011/12/charita-komu-darovat-a-pak-nelitovat	a_href	http://www.kiva.org/
2011/12/charita-komu-darovat-a-pak-nelitovat	a_href	http://en.wikipedia.org/wiki/Kiva_(organization)#Issues
2012/03/zacala-hodina-zeme-rozsvitte-vsechna-svetla	a_href	http://www.weblog.rider.cz/articles/230-konsky-trus-a-ekologicka-agitka
2012/06/tyden-s-windows-8-tabletem-den-nula	a_href	http://www.weblog.rider.cz/articles/258-windows-phone-7-po-par-tydnech-zkusenosti-s-novou-platformou
2012/06/tyden-s-windows-8-tabletem-den-nula	a_href	http://www.weblog.rider.cz/articles/261-rok-s-kindle-dlouhodobe-prakticke-zkusenosti
2012/06/tyden-s-windows-8-tabletem-hardware	a_href	http://www.weblog.rider.cz/articles/270-tyden-s-windows-8-tabletem-den-nula
2012/06/tyden-s-windows-8-tabletem-hardware	a_href	http://www.samsung.com/us/computer/tablet-pcs/XE700T1A-A04US
2012/06/tyden-s-windows-8-tabletem-hardware	a_href	http://www.samsung.com/windowspreview
2012/06/tyden-s-windows-8-tabletem-windows-8-a-zaverecne-hodnoceni	a_href	http://www.weblog.rider.cz/articles/270-tyden-s-windows-8-tabletem-den-nula
2012/06/tyden-s-windows-8-tabletem-windows-8-a-zaverecne-hodnoceni	a_href	http://www.weblog.rider.cz/articles/271-tyden-s-windows-8-tabletem-hardware
2012/06/tyden-s-windows-8-tabletem-windows-8-a-zaverecne-hodnoceni	a_href	http://www.weblog.rider.cz/Files/20120630-kb_landscape_2.png
2012/06/tyden-s-windows-8-tabletem-windows-8-a-zaverecne-hodnoceni	a_href	http://www.weblog.rider.cz/Files/20120630-kb_portrait_2.png
2012/06/tyden-s-windows-8-tabletem-windows-8-a-zaverecne-hodnoceni	img_src	http://www.weblog.rider.cz/Files/20120630-kb_landscape_thumb.png
2012/06/tyden-s-windows-8-tabletem-windows-8-a-zaverecne-hodnoceni	img_src	http://www.weblog.rider.cz/Files/20120630-kb_portrait_thumb.png
2013/04/ptejte-se-mne-na-co-chcete-ja-na-co-chci-odpovim	a_href	http://ask.fm/RiderCZ
2013/12/novy-obcansky-zakonik-zlocinne-spiknuti-nebo-zavan-zdraveho-rozumu	a_href	http://zpravy.ihned.cz/c1-61483580-obcansky-zakonik-soudci-duchod-vyklad-jednotny
2014/01/pour-feliciter-2014	a_href	http://pf2014.azurewebsites.net/
2014/08/protoze-muzem	a_href	https://twitter.com/jindrichsidlo/statuses/500650396025888768
2015/06/cesty-do-jinych-svetu-s-kindle	a_href	http://www.amazon.com/gp/product/1250058295/ref=as_li_tl?ie=UTF8&camp=1789&creative=9325&creativeASIN=1250058295&linkCode=as2&tag=ac022-20&linkId=DK7L53CTWLNSADUD
2015/06/cesty-do-jinych-svetu-s-kindle	a_href	http://www.amazon.com/gp/product/1250058295/ref=as_li_tl?ie=UTF8&camp=1789&creative=9325&creativeASIN=1250058295&linkCode=as2&tag=ac022-20&linkId=DK7L53CTWLNSADUD
2015/06/cesty-do-jinych-svetu-s-kindle	a_href	http://www.amazon.com/gp/product/0375726624/ref=as_li_tl?ie=UTF8&camp=1789&creative=9325&creativeASIN=0375726624&linkCode=as2&tag=ac022-20&linkId=NIWS45GNYT2A44HE
2015/06/cesty-do-jinych-svetu-s-kindle	a_href	http://www.amazon.com/gp/product/0375726624/ref=as_li_tl?ie=UTF8&camp=1789&creative=9325&creativeASIN=0375726624&linkCode=as2&tag=ac022-20&linkId=NIWS45GNYT2A44HE
2015/06/cesty-do-jinych-svetu-s-kindle	a_href	http://www.amazon.com/gp/product/1610394550/ref=as_li_tl?ie=UTF8&camp=1789&creative=9325&creativeASIN=1610394550&linkCode=as2&tag=ac022-20&linkId=DIXUBXUADNCIFF7G
2015/06/cesty-do-jinych-svetu-s-kindle	a_href	http://www.amazon.com/gp/product/1610394550/ref=as_li_tl?ie=UTF8&camp=1789&creative=9325&creativeASIN=1610394550&linkCode=as2&tag=ac022-20&linkId=DIXUBXUADNCIFF7G&quot;&gt;&lt;img border=&quot;0&quot; src=&quot;http://ws-na.amazon-adsystem.com/widgets/q?_encoding=UTF8&ASIN=1610394550&Format=_SL160_&ID=AsinImage&MarketPlace=US&ServiceVersion=20070822&WS=1&tag=ac022-20
2015/06/cesty-do-jinych-svetu-s-kindle	a_href	http://www.amazon.com/gp/product/0804173664/ref=as_li_tl?ie=UTF8&camp=1789&creative=9325&creativeASIN=0804173664&linkCode=as2&tag=ac022-20&linkId=WUKMWO7REFRLS7E5
2015/06/cesty-do-jinych-svetu-s-kindle	a_href	http://www.amazon.com/gp/product/0804173664/ref=as_li_tl?ie=UTF8&camp=1789&creative=9325&creativeASIN=0804173664&linkCode=as2&tag=ac022-20&linkId=WUKMWO7REFRLS7E5
2015/06/cesty-do-jinych-svetu-s-kindle	a_href	http://www.amazon.com/gp/product/0316253030/ref=as_li_tl?ie=UTF8&camp=1789&creative=9325&creativeASIN=0316253030&linkCode=as2&tag=ac022-20&linkId=DNSI6IXH2Q3UU2DW
2015/06/cesty-do-jinych-svetu-s-kindle	a_href	http://www.amazon.com/gp/product/0316253030/ref=as_li_tl?ie=UTF8&camp=1789&creative=9325&creativeASIN=0316253030&linkCode=as2&tag=ac022-20&linkId=DNSI6IXH2Q3UU2DW
2015/06/cesty-do-jinych-svetu-s-kindle	a_href	http://www.amazon.com/gp/product/146352949X/ref=as_li_tl?ie=UTF8&camp=1789&creative=9325&creativeASIN=146352949X&linkCode=as2&tag=ac022-20&linkId=26SUBAB4H7ISXP54
2015/06/cesty-do-jinych-svetu-s-kindle	a_href	http://www.amazon.com/gp/product/146352949X/ref=as_li_qf_sp_asin_il_tl?ie=UTF8&camp=1789&creative=9325&creativeASIN=146352949X&linkCode=as2&tag=ac022-20&linkId=NWY4DTHXGOM3NS2V
2015/06/cesty-do-jinych-svetu-s-kindle	a_href	http://www.amazon.com/gp/product/1467922080/ref=as_li_qf_sp_asin_il_tl?ie=UTF8&camp=1789&creative=9325&creativeASIN=1467922080&linkCode=as2&tag=ac022-20&linkId=H4V2UAY3YTMTHYCS
2015/06/cesty-do-jinych-svetu-s-kindle	a_href	http://www.amazon.com/gp/product/1477405755/ref=as_li_qf_sp_asin_il_tl?ie=UTF8&camp=1789&creative=9325&creativeASIN=1477405755&linkCode=as2&tag=ac022-20&linkId=6EVWQNO3V34IPJG6
2015/06/cesty-do-jinych-svetu-s-kindle	a_href	http://www.amazon.com/gp/product/1402280912/ref=as_li_tl?ie=UTF8&camp=1789&creative=9325&creativeASIN=1402280912&linkCode=as2&tag=ac022-20&linkId=7H4TSSH5KE2PIOLF
2015/06/cesty-do-jinych-svetu-s-kindle	a_href	http://www.amazon.com/gp/product/1402280912/ref=as_li_qf_sp_asin_il_tl?ie=UTF8&camp=1789&creative=9325&creativeASIN=1402280912&linkCode=as2&tag=ac022-20&linkId=VCGGPB7BXLOQB5XQ
2015/06/cesty-do-jinych-svetu-s-kindle	a_href	http://www.amazon.com/gp/product/0061986461/ref=as_li_qf_sp_asin_il_tl?ie=UTF8&camp=1789&creative=9325&creativeASIN=0061986461&linkCode=as2&tag=ac022-20&linkId=RDDIYVM4FCFZ7ZG2
2015/06/cesty-do-jinych-svetu-s-kindle	a_href	http://www.askthepilot.com/
2015/06/cesty-do-jinych-svetu-s-kindle	img_src	http://ws-na.amazon-adsystem.com/widgets/q?_encoding=UTF8&ASIN=1250058295&Format=_SL160_&ID=AsinImage&MarketPlace=US&ServiceVersion=20070822&WS=1&tag=ac022-20
2015/06/cesty-do-jinych-svetu-s-kindle	img_src	http://ws-na.amazon-adsystem.com/widgets/q?_encoding=UTF8&ASIN=0375726624&Format=_SL160_&ID=AsinImage&MarketPlace=US&ServiceVersion=20070822&WS=1&tag=ac022-20
2015/06/cesty-do-jinych-svetu-s-kindle	img_src	http://ws-na.amazon-adsystem.com/widgets/q?_encoding=UTF8&ASIN=1610394550&Format=_SL160_&ID=AsinImage&MarketPlace=US&ServiceVersion=20070822&WS=1&tag=ac022-20
2015/06/cesty-do-jinych-svetu-s-kindle	img_src	http://ws-na.amazon-adsystem.com/widgets/q?_encoding=UTF8&ASIN=0804173664&Format=_SL160_&ID=AsinImage&MarketPlace=US&ServiceVersion=20070822&WS=1&tag=ac022-20
2015/06/cesty-do-jinych-svetu-s-kindle	img_src	http://ws-na.amazon-adsystem.com/widgets/q?_encoding=UTF8&ASIN=0316253030&Format=_SL160_&ID=AsinImage&MarketPlace=US&ServiceVersion=20070822&WS=1&tag=ac022-20
2015/06/cesty-do-jinych-svetu-s-kindle	img_src	http://ws-na.amazon-adsystem.com/widgets/q?_encoding=UTF8&ASIN=146352949X&Format=_SL160_&ID=AsinImage&MarketPlace=US&ServiceVersion=20070822&WS=1&tag=ac022-20
2015/06/cesty-do-jinych-svetu-s-kindle	img_src	http://ws-na.amazon-adsystem.com/widgets/q?_encoding=UTF8&ASIN=1402280912&Format=_SL160_&ID=AsinImage&MarketPlace=US&ServiceVersion=20070822&WS=1&tag=ac022-20
2015/09/jak-vypada-skutecna-xenofobie	a_href	http://www.krajskelisty.cz/kralovehradecky-kraj/okres-hradec-kralove/10703-mestske-lazne-v-hradci-kralove-zazivaji-sok-arabky-se-koupou-mezi-skolaky-v-habitech-od-hlavy-az-k-pate.htm
2015/09/jak-vypada-skutecna-xenofobie	a_href	http://www.weblog.rider.cz/Files/20150907-krajskelisty_2.png
2015/09/jak-vypada-skutecna-xenofobie	a_href	http://www.snhk.cz/storage/files/43/navstevni-rad-ml.pdf
2015/09/jak-vypada-skutecna-xenofobie	img_src	http://www.weblog.rider.cz/Files/20150907-krajskelisty_thumb.png
2015/09/cervi-typografie	a_href	http://www.weblog.rider.cz/Files/20150921-WP_20150920_20_31_08_Pro_2.jpg
2015/09/cervi-typografie	img_src	http://www.weblog.rider.cz/Files/20150921-WP_20150920_20_31_08_Pro_thumb.jpg
2016/09/jak-se-pripravit-na-zastupitelstvo-otevrene-sedmicky	a_href	http://www.praha7.cz/Urad-mestske-casti/Organy-mestske-casti-/Zastupitelstvo/area1935
2016/09/jak-se-pripravit-na-zastupitelstvo-otevrene-sedmicky	img_src	https://www.cernasedma.cz/files/2016-09-17-prehled-terminu.png
2016/09/jak-se-pripravit-na-zastupitelstvo-otevrene-sedmicky	img_src	https://www.cernasedma.cz/files/2016-09-17-pozvanka.png
2016/09/jak-se-pripravit-na-zastupitelstvo-otevrene-sedmicky	img_src	https://www.cernasedma.cz/files/2016-09-17-navrhy.png
2016/09/jak-se-pripravit-na-zastupitelstvo-otevrene-sedmicky	img_src	https://www.cernasedma.cz/files/2016-09-17-podklady.png
2016/09/jak-se-pripravit-na-zastupitelstvo-otevrene-sedmicky	img_src	https://www.cernasedma.cz/files/2016-09-17-program-scan.jpg
2016/09/vy-sem-chodite-pravidelne-aneb-po-ctvrt-roce-na-zastupitelstvu	a_href	https://www.youtube.com/user/MCPraha7
2016/09/vy-sem-chodite-pravidelne-aneb-po-ctvrt-roce-na-zastupitelstvu	a_href	https://www.youtube.com/watch?v=aPjwzyQKI0Q
